Date,Station,site_no,Mean Flow,Coeff Var,Tqmean,R-B Index
1969/10/1,Wildcat,3335000,1298,139.2630084,0.258064516,0.323475322
1969/11/1,Wildcat,3335000,1675.833333,88.04690928,0.3,0.22544008
1969/12/1,Wildcat,3335000,552.1935484,32.11664983,0.483870968,0.074658254
1970/1/1,Wildcat,3335000,428.7741935,115.9040165,0.129032258,0.219079145
1970/2/1,Wildcat,3335000,588.6071429,43.67353387,0.321428571,0.107517748
1970/3/1,Wildcat,3335000,886.6774194,72.60561232,0.35483871,0.238731036
1970/4/1,Wildcat,3335000,2097.633333,88.90652219,0.4,0.317516566
1970/5/1,Wildcat,3335000,1481.129032,66.32438982,0.322580645,0.261134705
1970/6/1,Wildcat,3335000,353.3,32.28252943,0.433333333,0.052552128
1970/7/1,Wildcat,3335000,511.483871,132.4525707,0.193548387,0.370585267
1970/8/1,Wildcat,3335000,489.0967742,97.9079417,0.322580645,0.296003166
1970/9/1,Wildcat,3335000,243.5666667,71.55019101,0.233333333,0.166552621
1970/10/1,Wildcat,3335000,450.2258065,47.26058268,0.35483871,0.165293401
1970/11/1,Wildcat,3335000,603.4333333,37.87938055,0.3,0.167154615
1970/12/1,Wildcat,3335000,439.5483871,16.77610685,0.419354839,0.066490533
1971/1/1,Wildcat,3335000,298.7096774,46.19783025,0.419354839,0.117710583
1971/2/1,Wildcat,3335000,1812.142857,96.47234884,0.464285714,0.349428459
1971/3/1,Wildcat,3335000,1169.064516,56.98478567,0.387096774,0.197621478
1971/4/1,Wildcat,3335000,309.6333333,24.56808049,0.3,0.044138228
1971/5/1,Wildcat,3335000,745.9677419,110.5290944,0.258064516,0.388454054
1971/6/1,Wildcat,3335000,721.4333333,123.9940686,0.2,0.547012891
1971/7/1,Wildcat,3335000,263.9354839,59.52170253,0.225806452,0.221950623
1971/8/1,Wildcat,3335000,176.5483871,52.39032061,0.193548387,0.212315001
1971/9/1,Wildcat,3335000,339.5666667,114.9149896,0.233333333,0.506920585
1971/10/1,Wildcat,3335000,185.6129032,27.93113434,0.35483871,0.083594022
1971/11/1,Wildcat,3335000,137.7666667,9.762134266,0.433333333,0.045003629
1971/12/1,Wildcat,3335000,1460.612903,92.8039616,0.387096774,0.294573643
1972/1/1,Wildcat,3335000,728.4516129,37.84257853,0.387096774,0.111593304
1972/2/1,Wildcat,3335000,298.2758621,19.20848971,0.379310345,0.075606936
1972/3/1,Wildcat,3335000,386.2580645,38.96090514,0.322580645,0.142642392
1972/4/1,Wildcat,3335000,2838.9,90.22714237,0.3,0.289654444
1972/5/1,Wildcat,3335000,644.2903226,35.90655932,0.516129032,0.106093226
1972/6/1,Wildcat,3335000,616.9333333,85.23249698,0.3,0.305975794
1972/7/1,Wildcat,3335000,428.4193548,56.33916241,0.35483871,0.281304119
1972/8/1,Wildcat,3335000,159.8387097,21.04643464,0.483870968,0.116448032
1972/9/1,Wildcat,3335000,749.9333333,161.0751152,0.2,0.290470264
1972/10/1,Wildcat,3335000,1082.032258,62.34351364,0.322580645,0.211966729
1972/11/1,Wildcat,3335000,2244.733333,63.272911,0.333333333,0.242701434
1972/12/1,Wildcat,3335000,1646.806452,73.84465348,0.258064516,0.298740475
1973/1/1,Wildcat,3335000,1380.612903,70.77291903,0.322580645,0.214677913
1973/2/1,Wildcat,3335000,1014.714286,76.39521018,0.321428571,0.180839082
1973/3/1,Wildcat,3335000,2752.612903,55.02396218,0.483870968,0.21431836
1973/4/1,Wildcat,3335000,1390.666667,51.57527984,0.366666667,0.174856184
1973/5/1,Wildcat,3335000,503.483871,22.33448775,0.451612903,0.081368529
1973/6/1,Wildcat,3335000,1127.333333,74.17998227,0.3,0.329509166
1973/7/1,Wildcat,3335000,350.3225806,60.61401801,0.322580645,0.223756906
1973/8/1,Wildcat,3335000,782.0967742,140.9946373,0.225806452,0.335780573
1973/9/1,Wildcat,3335000,168.4,15.92603765,0.366666667,0.060965954
1973/10/1,Wildcat,3335000,217.0322581,34.75239425,0.322580645,0.120243757
1973/11/1,Wildcat,3335000,1048.366667,158.7472175,0.2,0.196273568
1973/12/1,Wildcat,3335000,2084.16129,116.5434043,0.258064516,0.275627235
1974/1/1,Wildcat,3335000,3711.290323,96.31979435,0.419354839,0.227466319
1974/2/1,Wildcat,3335000,1452.964286,48.25991042,0.321428571,0.200476858
1974/3/1,Wildcat,3335000,1800.580645,85.61354573,0.290322581,0.232684797
1974/4/1,Wildcat,3335000,1973.2,81.96742583,0.366666667,0.161075073
1974/5/1,Wildcat,3335000,2035.032258,75.4558527,0.387096774,0.215705545
1974/6/1,Wildcat,3335000,1295.8,81.03158695,0.3,0.412460771
1974/7/1,Wildcat,3335000,304.4193548,38.95160116,0.387096774,0.052876974
1974/8/1,Wildcat,3335000,201.516129,70.44437154,0.225806452,0.267488394
1974/9/1,Wildcat,3335000,166.5666667,20.48741781,0.4,0.078847308
1974/10/1,Wildcat,3335000,148.8387097,20.08057923,0.35483871,0.091894235
1974/11/1,Wildcat,3335000,179.2,14.62422219,0.5,0.071056548
1974/12/1,Wildcat,3335000,533.483871,64.8685908,0.387096774,0.24573709
1975/1/1,Wildcat,3335000,1320.451613,94.36175227,0.290322581,0.352616407
1975/2/1,Wildcat,3335000,1785.642857,101.6772728,0.25,0.267610704
1975/3/1,Wildcat,3335000,908.7741935,38.10560166,0.322580645,0.13509868
1975/4/1,Wildcat,3335000,909.4,62.53033756,0.4,0.207242871
1975/5/1,Wildcat,3335000,1296.129032,103.7199354,0.290322581,0.294474863
1975/6/1,Wildcat,3335000,1022.8,59.18472456,0.3,0.274507887
1975/7/1,Wildcat,3335000,343.9677419,81.82525465,0.258064516,0.264278346
1975/8/1,Wildcat,3335000,626.6451613,154.7343929,0.161290323,0.575980644
1975/9/1,Wildcat,3335000,373.1333333,71.93637089,0.266666667,0.165267107
1975/10/1,Wildcat,3335000,199.516129,17.97151663,0.322580645,0.097655618
1975/11/1,Wildcat,3335000,194.9333333,38.32094223,0.2,0.114569083
1975/12/1,Wildcat,3335000,904.8709677,93.58805051,0.258064516,0.318277423
1976/1/1,Wildcat,3335000,562.2903226,49.09525497,0.387096774,0.192932132
1976/2/1,Wildcat,3335000,3226.896552,90.61737076,0.448275862,0.319726437
1976/3/1,Wildcat,3335000,1481.129032,89.78057004,0.225806452,0.229336818
1976/4/1,Wildcat,3335000,391.9666667,20.24765542,0.4,0.038183519
1976/5/1,Wildcat,3335000,230.8387097,18.49531109,0.612903226,0.049189491
1976/6/1,Wildcat,3335000,803.5,125.4971441,0.233333333,0.401493466
1976/7/1,Wildcat,3335000,632.9354839,90.03318345,0.322580645,0.302736864
1976/8/1,Wildcat,3335000,163.483871,24.11548309,0.387096774,0.092738753
1976/9/1,Wildcat,3335000,115.8,9.285306961,0.5,0.053540587
1976/10/1,Wildcat,3335000,122.9677419,24.60581311,0.387096774,0.114375656
1976/11/1,Wildcat,3335000,113.3666667,6.200599313,0.5,0.029991179
1976/12/1,Wildcat,3335000,94.80645161,22.43886108,0.64516129,0.067369854
1977/1/1,Wildcat,3335000,61.64516129,3.177400469,0.419354839,0.014652015
1977/2/1,Wildcat,3335000,241.1071429,74.45387476,0.357142857,0.24618575
1977/3/1,Wildcat,3335000,944.9677419,65.40310734,0.387096774,0.312179969
1977/4/1,Wildcat,3335000,662.7666667,61.82684136,0.333333333,0.162249158
1977/5/1,Wildcat,3335000,409.6451613,72.07887511,0.35483871,0.147649421
1977/6/1,Wildcat,3335000,129.9666667,23.32608204,0.466666667,0.083354706
1977/7/1,Wildcat,3335000,84.41935484,26.15134479,0.419354839,0.09323653
1977/8/1,Wildcat,3335000,514.3225806,94.05627278,0.290322581,0.41150276
1977/9/1,Wildcat,3335000,461.0666667,108.4118428,0.233333333,0.244577791
1977/10/1,Wildcat,3335000,1182.096774,121.2021976,0.290322581,0.245026607
1977/11/1,Wildcat,3335000,342.3333333,11.45495199,0.466666667,0.05248296
1977/12/1,Wildcat,3335000,2190.483871,88.46890784,0.322580645,0.205036448
1978/1/1,Wildcat,3335000,388.8064516,29.14349479,0.516129032,0.060648801
1978/2/1,Wildcat,3335000,224.4642857,6.62289068,0.571428571,0.023070804
1978/3/1,Wildcat,3335000,3471.870968,97.01148532,0.483870968,0.213188018
1978/4/1,Wildcat,3335000,1878.933333,57.23085196,0.366666667,0.256528527
1978/5/1,Wildcat,3335000,1096.354839,56.23902289,0.387096774,0.193103245
1978/6/1,Wildcat,3335000,985.1333333,194.3046945,0.2,0.651011707
1978/7/1,Wildcat,3335000,916.1935484,120.8006475,0.290322581,0.343039223
1978/8/1,Wildcat,3335000,228.5483871,72.2270196,0.193548387,0.235144672
1978/9/1,Wildcat,3335000,130.0666667,29.4402268,0.3,0.057662737
1978/10/1,Wildcat,3335000,108.7096774,9.907975877,0.451612903,0.048664688
1978/11/1,Wildcat,3335000,173.9666667,49.44063072,0.433333333,0.20731941
1978/12/1,Wildcat,3335000,300.6451613,49.79308127,0.322580645,0.182618026
1979/1/1,Wildcat,3335000,463.4193548,103.7410693,0.225806452,0.185855492
1979/2/1,Wildcat,3335000,874.2857143,185.0249531,0.214285714,0.547385621
1979/3/1,Wildcat,3335000,1952.677419,76.07435274,0.290322581,0.277765847
1979/4/1,Wildcat,3335000,1612.466667,74.1990844,0.333333333,0.253421259
1979/5/1,Wildcat,3335000,457.5806452,28.23355273,0.483870968,0.083679944
1979/6/1,Wildcat,3335000,245.1666667,23.66418518,0.5,0.104418763
1979/7/1,Wildcat,3335000,1079.193548,131.0210206,0.258064516,0.583440442
1979/8/1,Wildcat,3335000,769.2258065,82.9758717,0.290322581,0.248846767
1979/9/1,Wildcat,3335000,144.0333333,34.64971789,0.333333333,0.045591298
1979/10/1,Wildcat,3335000,197.3548387,33.6277183,0.387096774,0.14105917
1979/11/1,Wildcat,3335000,764.1,91.85197569,0.2,0.207651704
1979/12/1,Wildcat,3335000,814.0645161,75.85793847,0.35483871,0.202092249
1980/1/1,Wildcat,3335000,476.0967742,22.82414903,0.548387097,0.064977302
1980/2/1,Wildcat,3335000,572.2758621,117.3715164,0.24137931,0.305254278
1980/3/1,Wildcat,3335000,2115.83871,61.92468212,0.483870968,0.281319083
1980/4/1,Wildcat,3335000,1655.833333,55.23045369,0.5,0.202576749
1980/5/1,Wildcat,3335000,436.1935484,30.45163429,0.451612903,0.157816891
1980/6/1,Wildcat,3335000,2565.2,127.6005514,0.3,0.333138417
1980/7/1,Wildcat,3335000,284.516129,27.60444819,0.419354839,0.187528345
1980/8/1,Wildcat,3335000,497.9354839,111.1658386,0.258064516,0.413708215
1980/9/1,Wildcat,3335000,187.2,35.78892118,0.233333333,0.182336182
1980/10/1,Wildcat,3335000,138.9677419,11.82042068,0.387096774,0.054549675
1980/11/1,Wildcat,3335000,135.7,34.83558157,0.133333333,0.111766151
1980/12/1,Wildcat,3335000,146.7419355,15.64804295,0.35483871,0.048801934
1981/1/1,Wildcat,3335000,133.9354839,10.65166582,0.451612903,0.027456647
1981/2/1,Wildcat,3335000,654.9285714,77.25110089,0.428571429,0.206620133
1981/3/1,Wildcat,3335000,289.9032258,40.76325227,0.419354839,0.065984199
1981/4/1,Wildcat,3335000,663.2666667,78.97106931,0.4,0.229771836
1981/5/1,Wildcat,3335000,1950.806452,68.50561581,0.322580645,0.24152129
1981/6/1,Wildcat,3335000,661.3,43.01652899,0.433333333,0.213014769
1981/7/1,Wildcat,3335000,306.0322581,73.4411843,0.193548387,0.194476652
1981/8/1,Wildcat,3335000,803.7096774,213.5724363,0.161290323,0.490066225
1981/9/1,Wildcat,3335000,1311.466667,100.4207101,0.333333333,0.310288735
1981/10/1,Wildcat,3335000,702.483871,65.13420335,0.322580645,0.209349313
1981/11/1,Wildcat,3335000,525.0666667,28.25948463,0.4,0.109573388
1981/12/1,Wildcat,3335000,625.2580645,80.20283436,0.290322581,0.190011866
1982/1/1,Wildcat,3335000,1351.387097,107.2484306,0.258064516,0.471916549
1982/2/1,Wildcat,3335000,2129.464286,85.17549641,0.464285714,0.247044025
1982/3/1,Wildcat,3335000,3991.290323,54.05209644,0.419354839,0.234947062
1982/4/1,Wildcat,3335000,1692.666667,77.64980853,0.266666667,0.27475384
1982/5/1,Wildcat,3335000,690.0967742,63.74757285,0.322580645,0.184733324
1982/6/1,Wildcat,3335000,1014.433333,76.83229035,0.333333333,0.260440969
1982/7/1,Wildcat,3335000,367.1935484,43.02577004,0.35483871,0.209522973
1982/8/1,Wildcat,3335000,475.2580645,114.5963325,0.225806452,0.497658318
1982/9/1,Wildcat,3335000,174.7333333,24.71948345,0.3,0.037581076
1982/10/1,Wildcat,3335000,141.0645161,19.5856553,0.258064516,0.078893208
1982/11/1,Wildcat,3335000,410.1333333,76.78518432,0.333333333,0.257883615
1982/12/1,Wildcat,3335000,2196.354839,75.91712001,0.35483871,0.258066885
1983/1/1,Wildcat,3335000,654.5806452,53.82349885,0.322580645,0.08205204
1983/2/1,Wildcat,3335000,636.8928571,48.77925565,0.25,0.154488869
1983/3/1,Wildcat,3335000,545.4193548,58.05608029,0.290322581,0.145434114
1983/4/1,Wildcat,3335000,1728.066667,48.78673489,0.466666667,0.233652251
1983/5/1,Wildcat,3335000,2613.935484,151.3009174,0.193548387,0.410813012
1983/6/1,Wildcat,3335000,577,50.06449272,0.333333333,0.216984402
1983/7/1,Wildcat,3335000,260.1612903,72.23703662,0.258064516,0.136639802
1983/8/1,Wildcat,3335000,146.9032258,21.59171571,0.35483871,0.090909091
1983/9/1,Wildcat,3335000,118.9,20.76559165,0.233333333,0.08522568
1983/10/1,Wildcat,3335000,181.9677419,55.33659254,0.225806452,0.174082609
1983/11/1,Wildcat,3335000,319.9666667,65.07251331,0.4,0.150015627
1983/12/1,Wildcat,3335000,1342.193548,80.87409899,0.35483871,0.255623918
1984/1/1,Wildcat,3335000,234.483871,28.70207815,0.35483871,0.044022562
1984/2/1,Wildcat,3335000,1658.655172,108.6316653,0.344827586,0.318309391
1984/3/1,Wildcat,3335000,2271.548387,87.29943447,0.451612903,0.214377006
1984/4/1,Wildcat,3335000,1227.666667,31.11724933,0.466666667,0.166033125
1984/5/1,Wildcat,3335000,1005.290323,77.66985106,0.35483871,0.232896932
1984/6/1,Wildcat,3335000,501.5333333,45.20237805,0.366666667,0.186694138
1984/7/1,Wildcat,3335000,227.8709677,29.46514284,0.387096774,0.074037373
1984/8/1,Wildcat,3335000,186.4193548,42.96063683,0.290322581,0.203322374
1984/9/1,Wildcat,3335000,120.3,16.13953969,0.366666667,0.087281796
1984/10/1,Wildcat,3335000,175.6774194,41.88413641,0.387096774,0.14047007
1984/11/1,Wildcat,3335000,462.2333333,53.94494752,0.366666667,0.236244321
1984/12/1,Wildcat,3335000,673.4193548,59.84765679,0.322580645,0.181117072
1985/1/1,Wildcat,3335000,970.7096774,132.2396491,0.258064516,0.228964509
1985/2/1,Wildcat,3335000,2722.857143,183.0991336,0.25,0.390346275
1985/3/1,Wildcat,3335000,2134.741935,64.62064959,0.483870968,0.221587561
1985/4/1,Wildcat,3335000,1208.933333,73.9720437,0.366666667,0.17480975
1985/5/1,Wildcat,3335000,287,21.43560501,0.387096774,0.071147578
1985/6/1,Wildcat,3335000,294.3333333,55.76058073,0.333333333,0.170441676
1985/7/1,Wildcat,3335000,137.5483871,50.51515012,0.258064516,0.152908068
1985/8/1,Wildcat,3335000,250.1612903,74.80840644,0.322580645,0.299161831
1985/9/1,Wildcat,3335000,124.6333333,47.11416704,0.2,0.097084782
1985/10/1,Wildcat,3335000,152.3548387,47.07925043,0.387096774,0.130213847
1985/11/1,Wildcat,3335000,2518.733333,107.3864505,0.433333333,0.288121013
1985/12/1,Wildcat,3335000,1666.83871,111.1033757,0.322580645,0.308058523
1986/1/1,Wildcat,3335000,313.6451613,59.15820839,0.322580645,0.120436079
1986/2/1,Wildcat,3335000,1098.142857,61.65081957,0.392857143,0.233641212
1986/3/1,Wildcat,3335000,1713.774194,75.74065193,0.290322581,0.28559866
1986/4/1,Wildcat,3335000,397.2,24.67735045,0.433333333,0.033987915
1986/5/1,Wildcat,3335000,1067.258065,42.86019609,0.387096774,0.224149917
1986/6/1,Wildcat,3335000,1090.866667,105.9019956,0.266666667,0.28491108
1986/7/1,Wildcat,3335000,791.1935484,91.65967833,0.290322581,0.396338729
1986/8/1,Wildcat,3335000,177.5483871,28.66665104,0.451612903,0.058866279
1986/9/1,Wildcat,3335000,155.3666667,50.69100837,0.366666667,0.17034971
1986/10/1,Wildcat,3335000,179.3225806,29.18487224,0.35483871,0.11045152
1986/11/1,Wildcat,3335000,168.3,26.17969156,0.2,0.04654387
1986/12/1,Wildcat,3335000,283.3870968,16.22599338,0.419354839,0.080022766
1987/1/1,Wildcat,3335000,305.6451613,41.77562366,0.258064516,0.11408971
1987/2/1,Wildcat,3335000,527.1428571,46.0187682,0.428571429,0.098441734
1987/3/1,Wildcat,3335000,435.4193548,62.19345952,0.322580645,0.139946659
1987/4/1,Wildcat,3335000,405.2666667,55.42992529,0.333333333,0.139167626
1987/5/1,Wildcat,3335000,482.483871,82.05224801,0.290322581,0.253660493
1987/6/1,Wildcat,3335000,354.6,67.14082172,0.266666667,0.28144388
1987/7/1,Wildcat,3335000,256.8387097,63.68920922,0.322580645,0.183622205
1987/8/1,Wildcat,3335000,206.4516129,100.3899441,0.193548387,0.305625
1987/9/1,Wildcat,3335000,134.6,20.41690447,0.4,0.108469539
1987/10/1,Wildcat,3335000,104.2903226,47.70867531,0.258064516,0.118465821
1987/11/1,Wildcat,3335000,150.9333333,82.61314368,0.2,0.136484099
1987/12/1,Wildcat,3335000,1037.741935,55.94610628,0.548387097,0.242555176
1988/1/1,Wildcat,3335000,589.0967742,37.37835178,0.387096774,0.177965174
1988/2/1,Wildcat,3335000,1806.586207,40.44333567,0.413793103,0.228665229
1988/3/1,Wildcat,3335000,794.7096774,50.90968137,0.258064516,0.156518915
1988/4/1,Wildcat,3335000,1546.7,101.7826614,0.333333333,0.235059589
1988/5/1,Wildcat,3335000,270.3548387,18.08365844,0.419354839,0.033050949
1988/6/1,Wildcat,3335000,130.2,20.88287328,0.466666667,0.025345622
1988/7/1,Wildcat,3335000,105.9032258,25.08880247,0.322580645,0.118489187
1988/8/1,Wildcat,3335000,137.9677419,43.73155739,0.290322581,0.161328034
1988/9/1,Wildcat,3335000,112.7333333,25.67314637,0.3,0.104376109
1988/10/1,Wildcat,3335000,99.77419355,36.14425571,0.483870968,0.10151956
1988/11/1,Wildcat,3335000,436.3333333,78.40810587,0.366666667,0.333384263
1988/12/1,Wildcat,3335000,239.6774194,52.93040619,0.290322581,0.105787349
1989/1/1,Wildcat,3335000,745.3870968,65.28032424,0.387096774,0.228632016
1989/2/1,Wildcat,3335000,359.9642857,27.945235,0.321428571,0.068657605
1989/3/1,Wildcat,3335000,476.2258065,25.24094897,0.387096774,0.096931518
1989/4/1,Wildcat,3335000,902.3666667,59.24437167,0.3,0.195892283
1989/5/1,Wildcat,3335000,2129.903226,167.6829398,0.193548387,0.463598225
1989/6/1,Wildcat,3335000,1500.366667,110.8159735,0.3,0.297127369
1989/7/1,Wildcat,3335000,306.483871,39.86547497,0.35483871,0.16861383
1989/8/1,Wildcat,3335000,520.1290323,174.479432,0.161290323,0.359836269
1989/9/1,Wildcat,3335000,2546.2,114.5072037,0.266666667,0.323946797
1989/10/1,Wildcat,3335000,339.3548387,32.84816417,0.35483871,0.079847909
1989/11/1,Wildcat,3335000,521.0333333,63.86895224,0.266666667,0.165120594
1989/12/1,Wildcat,3335000,275.6774194,32.16533897,0.483870968,0.071495436
1990/1/1,Wildcat,3335000,689.2903226,33.8769215,0.322580645,0.149616249
1990/2/1,Wildcat,3335000,2715.892857,56.20141041,0.392857143,0.29936222
1990/3/1,Wildcat,3335000,1846,127.0553278,0.193548387,0.353231049
1990/4/1,Wildcat,3335000,866.8333333,36.5939336,0.266666667,0.128667564
1990/5/1,Wildcat,3335000,1864.193548,112.3595821,0.258064516,0.34137394
1990/6/1,Wildcat,3335000,885.8,90.47772345,0.2,0.256265523
1990/7/1,Wildcat,3335000,583.5483871,62.24189692,0.387096774,0.213432836
1990/8/1,Wildcat,3335000,667.2580645,124.4561436,0.225806452,0.407251632
1990/9/1,Wildcat,3335000,196.3,21.97566485,0.366666667,0.055697062
1990/10/1,Wildcat,3335000,1060.612903,106.3617285,0.322580645,0.307612762
1990/11/1,Wildcat,3335000,662.7666667,87.56075449,0.266666667,0.264698486
1990/12/1,Wildcat,3335000,2474.129032,143.7678121,0.193548387,0.336723252
1991/1/1,Wildcat,3335000,1935.774194,124.8309687,0.258064516,0.283424153
1991/2/1,Wildcat,3335000,982.5,39.30533606,0.428571429,0.159614686
1991/3/1,Wildcat,3335000,2107.258065,73.1701512,0.516129032,0.193616533
1991/4/1,Wildcat,3335000,917.3333333,43.02806121,0.333333333,0.145130814
1991/5/1,Wildcat,3335000,526.7741935,18.77634715,0.548387097,0.10263319
1991/6/1,Wildcat,3335000,478.3333333,71.92637871,0.266666667,0.173867596
1991/7/1,Wildcat,3335000,162.0322581,40.86721171,0.451612903,0.097551264
1991/8/1,Wildcat,3335000,105.5483871,22.18535918,0.322580645,0.097493888
1991/9/1,Wildcat,3335000,108.7666667,32.5286972,0.333333333,0.10848912
1991/10/1,Wildcat,3335000,247.6451613,112.5110829,0.193548387,0.274716686
1991/11/1,Wildcat,3335000,316.6,89.56468081,0.366666667,0.236260265
1991/12/1,Wildcat,3335000,399.483871,31.12444593,0.322580645,0.121689276
1992/1/1,Wildcat,3335000,383.8064516,31.90703646,0.419354839,0.115565641
1992/2/1,Wildcat,3335000,689.2068966,47.37619506,0.379310345,0.135087807
1992/3/1,Wildcat,3335000,822.1290323,42.51855806,0.419354839,0.122655576
1992/4/1,Wildcat,3335000,1734.9,98.08210677,0.266666667,0.222126155
1992/5/1,Wildcat,3335000,415.0967742,22.80318578,0.35483871,0.059760647
1992/6/1,Wildcat,3335000,612.5666667,118.2607433,0.2,0.295532459
1992/7/1,Wildcat,3335000,2968.064516,121.3440919,0.258064516,0.321682426
1992/8/1,Wildcat,3335000,642.9354839,115.8735148,0.225806452,0.204104159
1992/9/1,Wildcat,3335000,716.4333333,93.1129097,0.4,0.350579258
1992/10/1,Wildcat,3335000,437,34.94217484,0.387096774,0.104598804
1992/11/1,Wildcat,3335000,3962.666667,90.10906483,0.3,0.384337147
1992/12/1,Wildcat,3335000,710.9354839,21.68262579,0.419354839,0.08303462
1993/1/1,Wildcat,3335000,2720.387097,94.73151818,0.322580645,0.333681165
1993/2/1,Wildcat,3335000,670.7857143,18.24196122,0.321428571,0.062187201
1993/3/1,Wildcat,3335000,2331.354839,56.78968728,0.387096774,0.192052247
1993/4/1,Wildcat,3335000,2227.666667,59.29745859,0.333333333,0.279814455
1993/5/1,Wildcat,3335000,1001.516129,51.07503425,0.419354839,0.213708249
1993/6/1,Wildcat,3335000,800.1666667,25.49610569,0.366666667,0.149635493
1993/7/1,Wildcat,3335000,1813.935484,95.49689046,0.290322581,0.350956751
1993/8/1,Wildcat,3335000,295,65.37318384,0.161290323,0.241224713
1993/9/1,Wildcat,3335000,528.0333333,65.19989941,0.333333333,0.320371189
1993/10/1,Wildcat,3335000,629,55.30839894,0.290322581,0.201497513
1993/11/1,Wildcat,3335000,2069.233333,106.5883,0.333333333,0.278074005
1993/12/1,Wildcat,3335000,989.9354839,35.52436591,0.419354839,0.098474974
1994/1/1,Wildcat,3335000,949.3548387,150.2578092,0.258064516,0.344206592
1994/2/1,Wildcat,3335000,658,58.78854194,0.392857143,0.18182805
1994/3/1,Wildcat,3335000,553.7419355,43.66374607,0.419354839,0.111849004
1994/4/1,Wildcat,3335000,1999.266667,128.3258238,0.266666667,0.376938211
1994/5/1,Wildcat,3335000,849.5806452,58.1562196,0.387096774,0.175456582
1994/6/1,Wildcat,3335000,657.0333333,96.03191464,0.3,0.496524783
1994/7/1,Wildcat,3335000,431.0322581,56.99287742,0.387096774,0.298607993
1994/8/1,Wildcat,3335000,345.1935484,80.75962695,0.225806452,0.316325577
1994/9/1,Wildcat,3335000,158.2666667,11.41782751,0.5,0.030539174
1994/10/1,Wildcat,3335000,150.6774194,18.49196921,0.419354839,0.048811818
1994/11/1,Wildcat,3335000,280.0333333,38.7888142,0.333333333,0.162837757
1994/12/1,Wildcat,3335000,353.2258065,37.36605303,0.419354839,0.132146119
1995/1/1,Wildcat,3335000,509.6774194,87.2973745,0.225806452,0.221772152
1995/2/1,Wildcat,3335000,258.0357143,21.93683023,0.214285714,0.038754325
1995/3/1,Wildcat,3335000,1085,119.5945496,0.258064516,0.287230563
1995/4/1,Wildcat,3335000,698,52.10360604,0.433333333,0.156494747
1995/5/1,Wildcat,3335000,1397.225806,74.71696217,0.483870968,0.291014453
1995/6/1,Wildcat,3335000,584.2666667,70.1041336,0.333333333,0.178286171
1995/7/1,Wildcat,3335000,419.8387097,83.36868442,0.258064516,0.330695352
1995/8/1,Wildcat,3335000,181.0322581,62.9777719,0.290322581,0.241981468
1995/9/1,Wildcat,3335000,89.23333333,8.573570416,0.433333333,0.040717221
1995/10/1,Wildcat,3335000,100.2903226,17.0408621,0.451612903,0.101318752
1995/11/1,Wildcat,3335000,138.9333333,18.61056498,0.433333333,0.080854127
1995/12/1,Wildcat,3335000,105.9354839,17.63977285,0.64516129,0.071559074
1996/1/1,Wildcat,3335000,586.0967742,110.9187283,0.35483871,0.332599483
1996/2/1,Wildcat,3335000,273.6896552,32.23896522,0.448275862,0.100415774
1996/3/1,Wildcat,3335000,523.6774194,48.01928499,0.322580645,0.21947764
1996/4/1,Wildcat,3335000,830.0333333,82.17533678,0.366666667,0.252038071
1996/5/1,Wildcat,3335000,2465.129032,63.48037234,0.387096774,0.265038799
1996/6/1,Wildcat,3335000,1175.733333,54.91342787,0.333333333,0.308318213
1996/7/1,Wildcat,3335000,912.3870968,121.9453534,0.258064516,0.331848395
1996/8/1,Wildcat,3335000,233.5483871,47.36660378,0.35483871,0.132596685
1996/9/1,Wildcat,3335000,152,20.81378234,0.433333333,0.111184211
1996/10/1,Wildcat,3335000,133.1935484,14.7077891,0.483870968,0.06369581
1996/11/1,Wildcat,3335000,420.3666667,78.60259669,0.333333333,0.256997859
1996/12/1,Wildcat,3335000,1781.903226,62.18252287,0.35483871,0.25319068
1997/1/1,Wildcat,3335000,1123.387097,77.10115554,0.451612903,0.267623833
1997/2/1,Wildcat,3335000,2276.464286,127.7292295,0.25,0.366859635
1997/3/1,Wildcat,3335000,2898.645161,84.77968166,0.258064516,0.272752565
1997/4/1,Wildcat,3335000,536.3666667,26.12777741,0.433333333,0.052638121
1997/5/1,Wildcat,3335000,617.1935484,52.33390545,0.419354839,0.222024774
1997/6/1,Wildcat,3335000,1934.7,83.42749162,0.333333333,0.329129409
1997/7/1,Wildcat,3335000,342.5806452,32.38374915,0.451612903,0.157156309
1997/8/1,Wildcat,3335000,162.7419355,24.86083632,0.322580645,0.139544103
1997/9/1,Wildcat,3335000,116.9,42.08549736,0.233333333,0.169090391
1997/10/1,Wildcat,3335000,90.51612903,16.11324531,0.451612903,0.055238774
1997/11/1,Wildcat,3335000,120.2,10.41028742,0.4,0.058790904
1997/12/1,Wildcat,3335000,130.483871,14.27998154,0.419354839,0.075154512
1998/1/1,Wildcat,3335000,352.9677419,85.44486916,0.258064516,0.233595321
1998/2/1,Wildcat,3335000,293.1785714,48.47466706,0.357142857,0.119381167
1998/3/1,Wildcat,3335000,2207.064516,78.80032352,0.419354839,0.324529736
1998/4/1,Wildcat,3335000,1596.066667,70.79501898,0.333333333,0.20648678
1998/5/1,Wildcat,3335000,1583.064516,71.2036031,0.419354839,0.29791136
1998/6/1,Wildcat,3335000,3516.666667,134.6449794,0.333333333,0.308701422
1998/7/1,Wildcat,3335000,1661.903226,101.3100194,0.258064516,0.411071643
1998/8/1,Wildcat,3335000,902,131.0272332,0.258064516,0.348723267
1998/9/1,Wildcat,3335000,144.9666667,16.51333748,0.4,0.041388825
1998/10/1,Wildcat,3335000,232.3225806,64.28533166,0.193548387,0.179255762
1998/11/1,Wildcat,3335000,344.9666667,71.66402266,0.233333333,0.206300126
1998/12/1,Wildcat,3335000,215.3548387,9.341437208,0.322580645,0.033103655
1999/1/1,Wildcat,3335000,2342.225806,169.8976152,0.225806452,0.394661819
1999/2/1,Wildcat,3335000,1357.75,61.11727644,0.428571429,0.183023384
1999/3/1,Wildcat,3335000,982.3548387,38.66323666,0.483870968,0.129937937
1999/4/1,Wildcat,3335000,1150.133333,75.70358999,0.433333333,0.24162416
1999/5/1,Wildcat,3335000,638.6451613,34.0068272,0.387096774,0.144206486
1999/6/1,Wildcat,3335000,657.7333333,82.7018718,0.3,0.261301439
1999/7/1,Wildcat,3335000,159.4193548,25.20515673,0.35483871,0.11675435
1999/8/1,Wildcat,3335000,107.9032258,29.63723235,0.258064516,0.121375187
1999/9/1,Wildcat,3335000,68.76666667,26.57547656,0.233333333,0.058167717
1999/10/1,Wildcat,3335000,100.2580645,15.48200453,0.451612903,0.079150579
1999/11/1,Wildcat,3335000,90.4,5.857755703,0.366666667,0.027654867
1999/12/1,Wildcat,3335000,105.3548387,13.16023079,0.451612903,0.080526638
2000/1/1,Wildcat,3335000,89.67741935,23.17419813,0.419354839,0.060791367
2000/2/1,Wildcat,3335000,151.5689655,56.05792854,0.413793103,0.173950631
2000/3/1,Wildcat,3335000,196.1290323,20.87297029,0.451612903,0.062171053
2000/4/1,Wildcat,3335000,145.7666667,8.43040488,0.533333333,0.032700663
2000/5/1,Wildcat,3335000,598.9354839,84.25002122,0.35483871,0.340658157
2000/6/1,Wildcat,3335000,1108.333333,121.8945983,0.3,0.451969925
2000/7/1,Wildcat,3335000,335.7419355,54.5038687,0.419354839,0.131725596
2000/8/1,Wildcat,3335000,121.8064516,12.33179123,0.451612903,0.053495763
2000/9/1,Wildcat,3335000,124.8333333,20.08802361,0.4,0.109212283
2000/10/1,Wildcat,3335000,172.8387097,41.97729418,0.419354839,0.107316163
2000/11/1,Wildcat,3335000,147.5666667,21.71698983,0.533333333,0.071380167
2000/12/1,Wildcat,3335000,293.3548387,71.10799544,0.35483871,0.205630086
2001/1/1,Wildcat,3335000,312.7741935,105.0147377,0.258064516,0.274443069
2001/2/1,Wildcat,3335000,1975.964286,63.65466455,0.428571429,0.327796555
2001/3/1,Wildcat,3335000,523,55.40951517,0.258064516,0.086535496
2001/4/1,Wildcat,3335000,833.2333333,92.53389583,0.266666667,0.24566948
2001/5/1,Wildcat,3335000,588.516129,84.32484441,0.35483871,0.239804867
2001/6/1,Wildcat,3335000,506.9333333,41.24829373,0.366666667,0.179510784
2001/7/1,Wildcat,3335000,409.1935484,59.48814212,0.419354839,0.334331888
2001/8/1,Wildcat,3335000,229.3548387,51.58452664,0.322580645,0.219268636
2001/9/1,Wildcat,3335000,307.2333333,46.91756585,0.333333333,0.250298362
2001/10/1,Wildcat,3335000,1792.483871,88.82198168,0.35483871,0.27626109
2001/11/1,Wildcat,3335000,505.9666667,40.91672374,0.266666667,0.108175769
2001/12/1,Wildcat,3335000,1305.806452,94.53535114,0.322580645,0.275296443
2002/1/1,Wildcat,3335000,355.2258065,58.60673535,0.35483871,0.129858336
2002/2/1,Wildcat,3335000,1427.607143,85.82951917,0.321428571,0.21637105
2002/3/1,Wildcat,3335000,1169.741935,76.20431048,0.258064516,0.243257404
2002/4/1,Wildcat,3335000,2046.966667,74.35863086,0.266666667,0.337181846
2002/5/1,Wildcat,3335000,1835.16129,82.89303156,0.290322581,0.238548075
2002/6/1,Wildcat,3335000,840.5666667,67.97319315,0.3,0.363088393
2002/7/1,Wildcat,3335000,259.1290323,24.16264491,0.451612903,0.120751898
2002/8/1,Wildcat,3335000,267.9677419,66.72374547,0.290322581,0.280727098
2002/9/1,Wildcat,3335000,133.8666667,31.96566713,0.4,0.147111554
2002/10/1,Wildcat,3335000,112.0451613,10.39557783,0.387096774,0.038751655
2002/11/1,Wildcat,3335000,218.5,74.96869739,0.2,0.232951945
2002/12/1,Wildcat,3335000,179.9354839,40.37063499,0.387096774,0.10989602
2003/1/1,Wildcat,3335000,398.7096774,71.21608932,0.387096774,0.158899676
2003/2/1,Wildcat,3335000,319.9642857,57.0851094,0.321428571,0.252706775
2003/3/1,Wildcat,3335000,1044.064516,59.20884142,0.451612903,0.241302601
2003/4/1,Wildcat,3335000,446.7,34.60647783,0.433333333,0.091634953
2003/5/1,Wildcat,3335000,1656.16129,87.87348435,0.387096774,0.239282445
2003/6/1,Wildcat,3335000,600.6,93.53289116,0.233333333,0.261571762
2003/7/1,Wildcat,3335000,4318.483871,130.8256564,0.258064516,0.318256855
2003/8/1,Wildcat,3335000,325.0322581,68.92591829,0.35483871,0.15720524
2003/9/1,Wildcat,3335000,2211.966667,112.9374594,0.333333333,0.36938471
2003/10/1,Wildcat,3335000,705.2903226,44.84227996,0.322580645,0.116172704
2003/11/1,Wildcat,3335000,804.1666667,56.98551967,0.466666667,0.183046632
2003/12/1,Wildcat,3335000,1241.709677,66.33266822,0.35483871,0.248149014
2004/1/1,Wildcat,3335000,1711.387097,138.2919529,0.193548387,0.366350631
2004/2/1,Wildcat,3335000,533.6551724,67.73736889,0.344827586,0.161346601
2004/3/1,Wildcat,3335000,1351.677419,67.07869241,0.419354839,0.254283805
2004/4/1,Wildcat,3335000,718.6,63.41988565,0.233333333,0.117868077
2004/5/1,Wildcat,3335000,555.9032258,41.06987518,0.35483871,0.15650206
2004/6/1,Wildcat,3335000,2794.6,129.5507364,0.3,0.46989432
2004/7/1,Wildcat,3335000,572.3548387,77.39261655,0.258064516,0.273290875
2004/8/1,Wildcat,3335000,299.8709677,34.26098382,0.290322581,0.167921687
2004/9/1,Wildcat,3335000,261.8333333,60.95684922,0.3,0.199872693
2004/10/1,Wildcat,3335000,246.2258065,45.45051214,0.516129032,0.130355037
2004/11/1,Wildcat,3335000,751.9333333,80.95599204,0.333333333,0.180601117
2004/12/1,Wildcat,3335000,1300.322581,75.71315551,0.35483871,0.216819648
2005/1/1,Wildcat,3335000,4615.483871,106.8503104,0.322580645,0.350398379
2005/2/1,Wildcat,3335000,1824.464286,66.91033605,0.357142857,0.216423608
2005/3/1,Wildcat,3335000,581.7741935,22.23421595,0.548387097,0.055336845
2005/4/1,Wildcat,3335000,709.7333333,59.30068773,0.266666667,0.149023107
2005/5/1,Wildcat,3335000,410.3870968,28.17149735,0.387096774,0.070429178
2005/6/1,Wildcat,3335000,368.5333333,58.34424741,0.266666667,0.230463097
2005/7/1,Wildcat,3335000,249.5806452,33.64958252,0.322580645,0.213390203
2005/8/1,Wildcat,3335000,151.8387097,38.33712296,0.290322581,0.133843212
2005/9/1,Wildcat,3335000,193.05,104.7945829,0.2,0.298299232
2005/10/1,Wildcat,3335000,188.0322581,40.21760967,0.258064516,0.085778007
2005/11/1,Wildcat,3335000,338.9333333,91.16907706,0.333333333,0.274783635
2005/12/1,Wildcat,3335000,412.8387097,131.7908932,0.193548387,0.169948429
2006/1/1,Wildcat,3335000,1137.032258,39.99157343,0.516129032,0.177882433
2006/2/1,Wildcat,3335000,813.7857143,42.99873887,0.428571429,0.185025893
2006/3/1,Wildcat,3335000,726.7419355,75.21072779,0.290322581,0.182120822
2006/4/1,Wildcat,3335000,1423.8,115.4482432,0.266666667,0.299199326
2006/5/1,Wildcat,3335000,1473.580645,81.59940799,0.322580645,0.186685931
2006/6/1,Wildcat,3335000,627.8333333,38.69661841,0.4,0.236687019
2006/7/1,Wildcat,3335000,688.7741935,149.9639131,0.193548387,0.502482203
2006/8/1,Wildcat,3335000,237.5483871,52.10676995,0.258064516,0.19486692
2006/9/1,Wildcat,3335000,351.9333333,68.64323376,0.366666667,0.261129002
2006/10/1,Wildcat,3335000,936.4516129,95.23519878,0.290322581,0.312883224
2006/11/1,Wildcat,3335000,1304.8,90.43381609,0.233333333,0.309038422
2006/12/1,Wildcat,3335000,2155.741935,70.55259739,0.322580645,0.248817861
2007/1/1,Wildcat,3335000,2434.451613,85.86859235,0.322580645,0.276673557
2007/2/1,Wildcat,3335000,655.1785714,126.732886,0.142857143,0.248514582
2007/3/1,Wildcat,3335000,3070.806452,81.86772893,0.322580645,0.350543621
2007/4/1,Wildcat,3335000,1111.833333,32.20503107,0.433333333,0.147504122
2007/5/1,Wildcat,3335000,513.9677419,30.5913889,0.419354839,0.067218979
2007/6/1,Wildcat,3335000,261.0333333,33.05325397,0.466666667,0.11071383
2007/7/1,Wildcat,3335000,170.483871,29.04808436,0.419354839,0.103500473
2007/8/1,Wildcat,3335000,153.6064516,58.97263689,0.322580645,0.208240581
2007/9/1,Wildcat,3335000,119.1,59.12343009,0.233333333,0.185894207
2007/10/1,Wildcat,3335000,115.1032258,30.91690088,0.451612903,0.118126787
2007/11/1,Wildcat,3335000,452.4,106.6566105,0.333333333,0.284114353
2007/12/1,Wildcat,3335000,1777.483871,73.59371296,0.35483871,0.310279119
2008/1/1,Wildcat,3335000,1240.935484,100.2223072,0.290322581,0.249759547
2008/2/1,Wildcat,3335000,2139.655172,123.4809155,0.24137931,0.366398066
2008/3/1,Wildcat,3335000,2092.258065,51.38285759,0.419354839,0.297718162
2008/4/1,Wildcat,3335000,1260.433333,73.63542077,0.333333333,0.202232037
2008/5/1,Wildcat,3335000,1153.322581,87.76958249,0.322580645,0.286745168
2008/6/1,Wildcat,3335000,1540.3,62.98187436,0.433333333,0.254063061
2008/7/1,Wildcat,3335000,755.2580645,63.1891243,0.419354839,0.19954726
2008/8/1,Wildcat,3335000,296.7419355,88.13518707,0.258064516,0.262311121
2008/9/1,Wildcat,3335000,151.7,21.9315823,0.466666667,0.094264997
2008/10/1,Wildcat,3335000,122.9870968,19.95489577,0.419354839,0.102003882
2008/11/1,Wildcat,3335000,136.3333333,22.04728513,0.3,0.062347188
2008/12/1,Wildcat,3335000,983.0967742,148.1014703,0.290322581,0.454095026
2009/1/1,Wildcat,3335000,384.1935484,78.60608167,0.322580645,0.109235936
2009/2/1,Wildcat,3335000,2064.071429,139.0944064,0.214285714,0.404384538
2009/3/1,Wildcat,3335000,1305.83871,96.10170016,0.290322581,0.281267755
2009/4/1,Wildcat,3335000,2481.433333,63.19169956,0.366666667,0.333060194
2009/5/1,Wildcat,3335000,2632.193548,86.02227812,0.322580645,0.351650776
2009/6/1,Wildcat,3335000,1220.033333,60.15174465,0.333333333,0.291139586
2009/7/1,Wildcat,3335000,271.1290323,21.49136917,0.419354839,0.037715645
2009/8/1,Wildcat,3335000,178.8709677,24.23767032,0.387096774,0.108205591
2009/9/1,Wildcat,3335000,108.8066667,12.72470394,0.533333333,0.038692482
2009/10/1,Wildcat,3335000,259.3193548,75.15046871,0.35483871,0.312493003
2009/11/1,Wildcat,3335000,449.6,37.09794831,0.5,0.101423488
2009/12/1,Wildcat,3335000,1098.580645,49.9041399,0.35483871,0.256313131
2010/1/1,Wildcat,3335000,1024.612903,97.4431707,0.258064516,0.24106665
2010/2/1,Wildcat,3335000,617.5714286,41.89894554,0.392857143,0.103458247
2010/3/1,Wildcat,3335000,1936,68.13234389,0.258064516,0.269094908
2010/4/1,Wildcat,3335000,771.2666667,49.91855096,0.366666667,0.153340825
2010/5/1,Wildcat,3335000,1000.580645,73.74809835,0.35483871,0.280707976
2010/6/1,Wildcat,3335000,3376.466667,88.24699128,0.333333333,0.369696132
2010/7/1,Wildcat,3335000,602.2580645,49.21910699,0.35483871,0.175147295
2010/8/1,Wildcat,3335000,440.516129,61.91718483,0.419354839,0.20013181
2010/9/1,Wildcat,3335000,144.9966667,31.98980895,0.3,0.086024966
2010/10/1,Wildcat,3335000,98.41290323,9.362999534,0.419354839,0.052773043
2010/11/1,Wildcat,3335000,231.6433333,124.8330681,0.233333333,0.334335832
2010/12/1,Wildcat,3335000,199.3870968,49.17819582,0.35483871,0.11923637
2011/1/1,Wildcat,3335000,477.0967742,115.5812074,0.225806452,0.201284652
2011/2/1,Wildcat,3335000,1501.464286,114.770022,0.428571429,0.316001047
2011/3/1,Wildcat,3335000,2023.709677,78.49304174,0.419354839,0.213580936
2011/4/1,Wildcat,3335000,2695.766667,108.0505209,0.333333333,0.288983963
2011/5/1,Wildcat,3335000,2299.16129,92.78513885,0.258064516,0.270337009
2011/6/1,Wildcat,3335000,1832.666667,64.94524534,0.366666667,0.345380138
2011/7/1,Wildcat,3335000,562.1612903,108.0542206,0.290322581,0.348654387
2011/8/1,Wildcat,3335000,209.8709677,40.13764354,0.35483871,0.146326468
2011/9/1,Wildcat,3335000,191.1333333,82.15772437,0.166666667,0.250435996
2011/10/1,Wildcat,3335000,232.6451613,74.71057526,0.225806452,0.238214088
2011/11/1,Wildcat,3335000,810.9,195.5898292,0.2,0.444444444
2011/12/1,Wildcat,3335000,3087.096774,62.94094124,0.387096774,0.286102403
2012/1/1,Wildcat,3335000,2157.935484,80.63729493,0.35483871,0.369917484
2012/2/1,Wildcat,3335000,823.4137931,33.9327679,0.379310345,0.080112233
2012/3/1,Wildcat,3335000,710.4193548,45.89212815,0.35483871,0.173545838
2012/4/1,Wildcat,3335000,316.1666667,26.57152229,0.3,0.062203479
2012/5/1,Wildcat,3335000,414.2580645,57.57456967,0.322580645,0.179177698
2012/6/1,Wildcat,3335000,144.1,25.35893738,0.333333333,0.056673606
2012/7/1,Wildcat,3335000,117.9806452,43.97591645,0.35483871,0.206786242
2012/8/1,Wildcat,3335000,133.4645161,33.55088455,0.387096774,0.179871417
2012/9/1,Wildcat,3335000,227.4666667,71.81708211,0.266666667,0.249267292
2012/10/1,Wildcat,3335000,358.1612903,82.34099149,0.35483871,0.213275691
2012/11/1,Wildcat,3335000,281.5,17.69147515,0.366666667,0.043812907
2012/12/1,Wildcat,3335000,427.0967742,69.72503341,0.35483871,0.17847432
2013/1/1,Wildcat,3335000,1775.451613,128.1976217,0.290322581,0.349152419
2013/2/1,Wildcat,3335000,980.2142857,93.02672801,0.214285714,0.264082198
2013/3/1,Wildcat,3335000,1224.129032,53.47226039,0.387096774,0.192895541
2013/4/1,Wildcat,3335000,4945.566667,103.0716342,0.4,0.374584645
2013/5/1,Wildcat,3335000,975.1290323,53.34478944,0.322580645,0.1458864
2013/6/1,Wildcat,3335000,1725,90.33228472,0.333333333,0.290705314
2013/7/1,Wildcat,3335000,381.483871,58.77164644,0.387096774,0.165567394
2013/8/1,Wildcat,3335000,172.2258065,34.08097214,0.35483871,0.121183742
2013/9/1,Wildcat,3335000,140.4833333,53.28406509,0.2,0.209538498
2013/10/1,Wildcat,3335000,120.4419355,40.85724704,0.225806452,0.137611485
2013/11/1,Wildcat,3335000,182.6,37.30551701,0.4,0.156991603
2013/12/1,Wildcat,3335000,709.2903226,170.9113092,0.225806452,0.388393669
2014/1/1,Wildcat,3335000,728.516129,111.0424289,0.258064516,0.258944385
2014/2/1,Wildcat,3335000,1647,128.3545586,0.25,0.358205395
2014/3/1,Wildcat,3335000,1314.645161,86.87413301,0.225806452,0.220665456
2014/4/1,Wildcat,3335000,1797.933333,109.9263678,0.3,0.331881049
2014/5/1,Wildcat,3335000,1097.612903,88.25779536,0.322580645,0.220625404
2014/6/1,Wildcat,3335000,690.5,54.07001675,0.333333333,0.263432295
2014/7/1,Wildcat,3335000,196.5483871,31.97173167,0.451612903,0.068439193
2014/8/1,Wildcat,3335000,409.8935484,158.6184811,0.225806452,0.47658322
2014/9/1,Wildcat,3335000,501.5,99.30809616,0.233333333,0.310734463
2014/10/1,Wildcat,3335000,866.5483871,63.57968648,0.322580645,0.266351487
2014/11/1,Wildcat,3335000,781.7666667,122.706653,0.233333333,0.290623801
2014/12/1,Wildcat,3335000,865.2903226,35.23883876,0.419354839,0.141291381
2015/1/1,Wildcat,3335000,862.516129,48.57683586,0.387096774,0.176303388
2015/2/1,Wildcat,3335000,742.25,72.60544326,0.25,0.22884088
2015/3/1,Wildcat,3335000,1247.16129,61.47872467,0.451612903,0.252806373
2015/4/1,Wildcat,3335000,1394.454545,67.64263517,0.266666667,
2015/5/1,Wildcat,3335000,,,0,
2015/6/1,Wildcat,3335000,4566.666667,44.216364,0.166666667,
2015/7/1,Wildcat,3335000,1966.16129,69.67908093,0.387096774,0.276353136
2015/8/1,Wildcat,3335000,328.483871,32.29127598,0.451612903,0.085927526
2015/9/1,Wildcat,3335000,173.1666667,28.55114806,0.266666667,0.095668912
2015/10/1,Wildcat,3335000,146.7096774,21.94499961,0.290322581,0.052330695
2015/11/1,Wildcat,3335000,198.0333333,45.09973162,0.133333333,0.107725972
2015/12/1,Wildcat,3335000,1513.612903,186.8955357,0.161290323,0.362196837
2016/1/1,Wildcat,3335000,1086.419355,59.87109039,0.387096774,0.177588408
2016/2/1,Wildcat,3335000,612.6896552,82.849303,0.172413793,0.170531292
2016/3/1,Wildcat,3335000,992.9032258,54.58430571,0.322580645,0.210006498
2016/4/1,Wildcat,3335000,1356.733333,57.31694257,0.333333333,0.253623901
2016/5/1,Wildcat,3335000,899.6451613,62.82031795,0.387096774,0.155043207
2016/6/1,Wildcat,3335000,711.1666667,96.9282296,0.333333333,0.36953363
2016/7/1,Wildcat,3335000,586.9677419,69.7141519,0.290322581,0.292701693
2016/8/1,Wildcat,3335000,195.6774194,29.44536459,0.387096774,0.156610617
2016/9/1,Wildcat,3335000,241.4,81.21625686,0.2,0.376967688
2016/10/1,Wildcat,3335000,179.9677419,22.79788483,0.387096774,0.106470694
2016/11/1,Wildcat,3335000,237.4333333,72.65231416,0.233333333,0.155833216
2016/12/1,Wildcat,3335000,504.9677419,72.92788007,0.225806452,0.198351859
2017/1/1,Wildcat,3335000,2481.903226,72.11015509,0.387096774,0.318473076
2017/2/1,Wildcat,3335000,710.9285714,41.93997391,0.357142857,0.135737968
2017/3/1,Wildcat,3335000,943.8709677,82.57862662,0.322580645,0.300786056
2017/4/1,Wildcat,3335000,1666.8,76.62470808,0.4,0.284457243
2017/5/1,Wildcat,3335000,3639.806452,79.37716016,0.451612903,0.33605119
2017/6/1,Wildcat,3335000,1210.1,85.61111814,0.3,0.307412611
2017/7/1,Wildcat,3335000,2430.225806,90.71311525,0.322580645,0.477879395
2017/8/1,Wildcat,3335000,294.2903226,30.14360468,0.322580645,0.085388578
2017/9/1,Wildcat,3335000,198.8666667,33.33191814,0.233333333,0.131411331
2017/10/1,Wildcat,3335000,173.483871,22.02550931,0.419354839,0.100966902
2017/11/1,Wildcat,3335000,1167.3,144.6791798,0.266666667,0.529426883
2017/12/1,Wildcat,3335000,161.7258065,41.65825288,0.387096774,0.052338686
2018/1/1,Wildcat,3335000,376.6258065,77.84181708,0.35483871,0.1936636
2018/2/1,Wildcat,3335000,1667.142857,133.3771724,0.321428571,0.289888603
2018/3/1,Wildcat,3335000,1228.645161,104.1104335,0.290322581,0.281138416
2018/4/1,Wildcat,3335000,1695.166667,91.14306665,0.333333333,0.311021532
2018/5/1,Wildcat,3335000,377,13.57630752,0.548387097,0.044237187
2018/6/1,Wildcat,3335000,742,111.3302401,0.266666667,0.332030548
2018/7/1,Wildcat,3335000,285.2258065,37.94037631,0.419354839,0.197805926
2018/8/1,Wildcat,3335000,754.0645161,113.3960854,0.290322581,0.437542779
2018/9/1,Wildcat,3335000,1171.6,108.9010059,0.3,0.442045067
2018/10/1,Wildcat,3335000,1149.774194,102.7533324,0.290322581,0.281121118
2018/11/1,Wildcat,3335000,1503.7,82.27836867,0.233333333,0.25282082
2018/12/1,Wildcat,3335000,1140.709677,55.43576083,0.258064516,0.187998416
2019/1/1,Wildcat,3335000,1906.903226,99.30903056,0.290322581,0.34144196
2019/2/1,Wildcat,3335000,2312.071429,65.74377356,0.321428571,0.272714634
2019/3/1,Wildcat,3335000,1547.032258,79.87751628,0.322580645,0.319612995
2019/4/1,Wildcat,3335000,2800.133333,62.32608595,0.366666667,0.308580544
2019/5/1,Wildcat,3335000,2391.451613,61.56348031,0.35483871,0.21663182
2019/6/1,Wildcat,3335000,1489.433333,48.46427884,0.433333333,0.266275765
2019/7/1,Wildcat,3335000,584.3870968,44.72661569,0.419354839,0.238132038
2019/8/1,Wildcat,3335000,229.516129,31.86346245,0.258064516,0.14869993
2019/9/1,Wildcat,3335000,158.4,14.03809849,0.333333333,0.038089226
1969/10/1,Tippe,3331500,324.1612903,30.20594569,0.451612903,0.061598169
1969/11/1,Tippe,3331500,765.5,49.74782516,0.4,0.110385369
1969/12/1,Tippe,3331500,571.1290323,21.06933291,0.483870968,0.034510025
1970/1/1,Tippe,3331500,459.1935484,83.50024436,0.129032258,0.120828943
1970/2/1,Tippe,3331500,700,50.85214885,0.285714286,0.071938776
1970/3/1,Tippe,3331500,869.0967742,40.1806749,0.35483871,0.093311558
1970/4/1,Tippe,3331500,1825.666667,37.24880195,0.466666667,0.113200657
1970/5/1,Tippe,3331500,1238.064516,38.77323247,0.387096774,0.109431996
1970/6/1,Tippe,3331500,597.0333333,22.01330713,0.433333333,0.077829267
1970/7/1,Tippe,3331500,340.0645161,17.72909838,0.419354839,0.074084614
1970/8/1,Tippe,3331500,266.9032258,20.65352395,0.483870968,0.065627266
1970/9/1,Tippe,3331500,563.4333333,49.94708665,0.466666667,0.123883334
1970/10/1,Tippe,3331500,566.7741935,17.44490537,0.516129032,0.062948207
1970/11/1,Tippe,3331500,817.8333333,18.43977007,0.333333333,0.083105767
1970/12/1,Tippe,3331500,768.0645161,25.15576176,0.451612903,0.031667367
1971/1/1,Tippe,3331500,425.1612903,15.10778198,0.516129032,0.019726859
1971/2/1,Tippe,3331500,1777.857143,49.07922024,0.5,0.183607875
1971/3/1,Tippe,3331500,1279.870968,18.65994277,0.483870968,0.062758343
1971/4/1,Tippe,3331500,643.8,28.27039645,0.466666667,0.035932484
1971/5/1,Tippe,3331500,461.0322581,24.92178885,0.387096774,0.05513574
1971/6/1,Tippe,3331500,466.0666667,52.3727898,0.4,0.164139608
1971/7/1,Tippe,3331500,240.3548387,30.62613142,0.225806452,0.095557643
1971/8/1,Tippe,3331500,185.4193548,8.807878699,0.451612903,0.054453723
1971/9/1,Tippe,3331500,237.4333333,30.57973721,0.366666667,0.114698863
1971/10/1,Tippe,3331500,248,19.72099881,0.322580645,0.039281998
1971/11/1,Tippe,3331500,264.0333333,8.841766358,0.466666667,0.022724403
1971/12/1,Tippe,3331500,760.8064516,42.28895522,0.483870968,0.125461098
1972/1/1,Tippe,3331500,762.4516129,28.26122986,0.387096774,0.102555424
1972/2/1,Tippe,3331500,447.9310345,11.02410719,0.482758621,0.043879908
1972/3/1,Tippe,3331500,810.5483871,27.78948811,0.548387097,0.08094878
1972/4/1,Tippe,3331500,2212.333333,38.51441294,0.366666667,0.097785144
1972/5/1,Tippe,3331500,1818.935484,44.94051678,0.387096774,0.126110628
1972/6/1,Tippe,3331500,527.9333333,24.30867516,0.433333333,0.072862735
1972/7/1,Tippe,3331500,381.6129032,19.90968462,0.290322581,0.059763314
1972/8/1,Tippe,3331500,494,42.98380141,0.35483871,0.15005877
1972/9/1,Tippe,3331500,1217.966667,61.35879789,0.566666667,0.130600181
1972/10/1,Tippe,3331500,1310.16129,27.47361807,0.451612903,0.082580327
1972/11/1,Tippe,3331500,1932.666667,21.86374274,0.366666667,0.062262849
1972/12/1,Tippe,3331500,1712.258065,19.40666213,0.419354839,0.081386586
1973/1/1,Tippe,3331500,2103.225806,46.16803271,0.258064516,0.079754601
1973/2/1,Tippe,3331500,1365.357143,25.94647972,0.392857143,0.051216322
1973/3/1,Tippe,3331500,2005.16129,26.11492605,0.64516129,0.058333333
1973/4/1,Tippe,3331500,2101,22.31885547,0.4,0.079009995
1973/5/1,Tippe,3331500,1091.612903,29.7538652,0.419354839,0.055791962
1973/6/1,Tippe,3331500,1374.633333,28.19897191,0.6,0.081015544
1973/7/1,Tippe,3331500,505.516129,24.5837183,0.35483871,0.055069874
1973/8/1,Tippe,3331500,463.1612903,20.24287639,0.387096774,0.081626968
1973/9/1,Tippe,3331500,257.9666667,15.52774701,0.3,0.050523323
1973/10/1,Tippe,3331500,284.0645161,16.85202179,0.387096774,0.05768794
1973/11/1,Tippe,3331500,322.4333333,28.58409537,0.466666667,0.061408043
1973/12/1,Tippe,3331500,805.0645161,85.59886771,0.225806452,0.146331691
1974/1/1,Tippe,3331500,2002.580645,62.74127522,0.387096774,0.105025773
1974/2/1,Tippe,3331500,1797.857143,26.06271482,0.464285714,0.075486691
1974/3/1,Tippe,3331500,2257.741935,31.62189359,0.387096774,0.061723103
1974/4/1,Tippe,3331500,1514.4,26.33485345,0.533333333,0.057448494
1974/5/1,Tippe,3331500,1655.354839,37.64962384,0.419354839,0.104918544
1974/6/1,Tippe,3331500,980.0333333,9.618478539,0.533333333,0.056562702
1974/7/1,Tippe,3331500,427.7096774,27.68376346,0.451612903,0.040349951
1974/8/1,Tippe,3331500,247.9032258,10.98178473,0.580645161,0.023162004
1974/9/1,Tippe,3331500,214.2333333,16.02398565,0.233333333,0.041076708
1974/10/1,Tippe,3331500,190.6451613,7.796061239,0.580645161,0.02284264
1974/11/1,Tippe,3331500,390,16.94061733,0.566666667,0.046752137
1974/12/1,Tippe,3331500,445.483871,26.79877439,0.483870968,0.051629254
1975/1/1,Tippe,3331500,1043.322581,41.05297378,0.35483871,0.134279442
1975/2/1,Tippe,3331500,1362.071429,35.78937076,0.357142857,0.128847868
1975/3/1,Tippe,3331500,1167.612903,17.33846493,0.35483871,0.061001216
1975/4/1,Tippe,3331500,1119.066667,31.67128452,0.366666667,0.071964733
1975/5/1,Tippe,3331500,1239.258065,38.69191253,0.516129032,0.108910118
1975/6/1,Tippe,3331500,2621.666667,32.85873839,0.366666667,0.117609663
1975/7/1,Tippe,3331500,727.0645161,38.10634982,0.322580645,0.065885798
1975/8/1,Tippe,3331500,454.8387097,14.66407168,0.387096774,0.079574468
1975/9/1,Tippe,3331500,414.0666667,14.45302629,0.433333333,0.040412172
1975/10/1,Tippe,3331500,300.8387097,6.263028753,0.516129032,0.022196011
1975/11/1,Tippe,3331500,363.4333333,36.33247348,0.133333333,0.083279831
1975/12/1,Tippe,3331500,1151.032258,31.90118315,0.387096774,0.101759991
1976/1/1,Tippe,3331500,633.3548387,20.20821788,0.35483871,0.058011613
1976/2/1,Tippe,3331500,2584.689655,65.43572192,0.586206897,0.106462458
1976/3/1,Tippe,3331500,2306.129032,38.38921181,0.419354839,0.083648063
1976/4/1,Tippe,3331500,1044.5,25.7453477,0.466666667,0.057060795
1976/5/1,Tippe,3331500,665.6774194,23.26620674,0.387096774,0.04622989
1976/6/1,Tippe,3331500,532.9666667,33.9784298,0.4,0.073488023
1976/7/1,Tippe,3331500,404.8387097,38.96609158,0.290322581,0.067410359
1976/8/1,Tippe,3331500,295.0322581,20.78294225,0.483870968,0.040782856
1976/9/1,Tippe,3331500,205.0333333,6.944276865,0.366666667,0.027475207
1976/10/1,Tippe,3331500,245.1290323,10.19040764,0.387096774,0.03697855
1976/11/1,Tippe,3331500,259.7,10.1112273,0.5,0.028751123
1976/12/1,Tippe,3331500,243.0967742,4.804693029,0.419354839,0.018577495
1977/1/1,Tippe,3331500,226.1935484,2.852412526,0.516129032,0.007701084
1977/2/1,Tippe,3331500,578.1071429,112.5142293,0.214285714,0.223142028
1977/3/1,Tippe,3331500,1470.322581,29.89327543,0.258064516,0.088547609
1977/4/1,Tippe,3331500,1254.333333,41.94425953,0.4,0.054610683
1977/5/1,Tippe,3331500,545.4193548,38.15297181,0.419354839,0.056777857
1977/6/1,Tippe,3331500,288.6666667,10.11631341,0.566666667,0.046535797
1977/7/1,Tippe,3331500,477.6129032,65.34724869,0.290322581,0.111036066
1977/8/1,Tippe,3331500,417.1290323,42.21935754,0.419354839,0.092104246
1977/9/1,Tippe,3331500,738.6333333,47.50890132,0.5,0.073830046
1977/10/1,Tippe,3331500,539.8709677,24.9420346,0.419354839,0.030532983
1977/11/1,Tippe,3331500,453.3,14.26944482,0.433333333,0.01632473
1977/12/1,Tippe,3331500,1673.806452,38.86661077,0.483870968,0.115595128
1978/1/1,Tippe,3331500,566.7741935,25.39872124,0.548387097,0.046670461
1978/2/1,Tippe,3331500,452.8571429,5.633268238,0.571428571,0.017350158
1978/3/1,Tippe,3331500,2455.032258,90.15573766,0.451612903,0.119832865
1978/4/1,Tippe,3331500,2707.333333,38.77996416,0.5,0.062546171
1978/5/1,Tippe,3331500,1178.580645,23.77712681,0.387096774,0.078278958
1978/6/1,Tippe,3331500,542.0333333,24.88985914,0.5,0.040895394
1978/7/1,Tippe,3331500,332.2258065,23.61929812,0.35483871,0.054374211
1978/8/1,Tippe,3331500,199.5806452,7.073838538,0.516129032,0.019557136
1978/9/1,Tippe,3331500,195.4333333,15.45056306,0.4,0.036500085
1978/10/1,Tippe,3331500,204.0322581,12.69049654,0.483870968,0.029249012
1978/11/1,Tippe,3331500,254.2,14.06353725,0.433333333,0.026357199
1978/12/1,Tippe,3331500,353.9677419,21.45743278,0.419354839,0.077918527
1979/1/1,Tippe,3331500,400.0967742,36.57623182,0.322580645,0.053777312
1979/2/1,Tippe,3331500,442.5714286,88.79358066,0.214285714,0.144044545
1979/3/1,Tippe,3331500,2689.677419,64.28361401,0.35483871,0.179539458
1979/4/1,Tippe,3331500,1753,23.91305556,0.466666667,0.089750903
1979/5/1,Tippe,3331500,1201.16129,38.37327077,0.516129032,0.065554839
1979/6/1,Tippe,3331500,442.3666667,13.91387895,0.533333333,0.037450079
1979/7/1,Tippe,3331500,267.8064516,16.06777825,0.419354839,0.037460853
1979/8/1,Tippe,3331500,350.4193548,13.59238973,0.451612903,0.07428887
1979/9/1,Tippe,3331500,207.9666667,17.24053953,0.4,0.020355826
1979/10/1,Tippe,3331500,219.8387097,16.15902489,0.419354839,0.056639765
1979/11/1,Tippe,3331500,381.8333333,68.27004143,0.166666667,0.120820602
1979/12/1,Tippe,3331500,709.1612903,56.61358043,0.258064516,0.108760917
1980/1/1,Tippe,3331500,678.4193548,19.96872757,0.483870968,0.063905663
1980/2/1,Tippe,3331500,658.4827586,80.62506795,0.275862069,0.17124005
1980/3/1,Tippe,3331500,1845.096774,46.14876932,0.580645161,0.118185951
1980/4/1,Tippe,3331500,2326.666667,35.23222482,0.5,0.081375358
1980/5/1,Tippe,3331500,715.8387097,17.75638355,0.387096774,0.04731648
1980/6/1,Tippe,3331500,1693.133333,77.48085884,0.333333333,0.183486239
1980/7/1,Tippe,3331500,337.5806452,22.70174806,0.451612903,0.034782609
1980/8/1,Tippe,3331500,479.1612903,41.13204318,0.483870968,0.073246264
1980/9/1,Tippe,3331500,774.3333333,21.81602338,0.5,0.059836418
1980/10/1,Tippe,3331500,435.6451613,15.18914222,0.387096774,0.031173639
1980/11/1,Tippe,3331500,381.1333333,6.954008492,0.4,0.018541193
1980/12/1,Tippe,3331500,697.0967742,32.99272342,0.322580645,0.081906525
1981/1/1,Tippe,3331500,441.5483871,10.26809471,0.290322581,0.031414378
1981/2/1,Tippe,3331500,1405.178571,75.84562941,0.428571429,0.121108146
1981/3/1,Tippe,3331500,890.6451613,39.78979741,0.419354839,0.044947483
1981/4/1,Tippe,3331500,2296.233333,83.80514718,0.466666667,0.172224077
1981/5/1,Tippe,3331500,2869.032258,46.8739242,0.35483871,0.119631212
1981/6/1,Tippe,3331500,3468,60.98149418,0.433333333,0.143598616
1981/7/1,Tippe,3331500,1255.419355,29.8806894,0.387096774,0.080682461
1981/8/1,Tippe,3331500,514.2580645,29.69528429,0.322580645,0.057897378
1981/9/1,Tippe,3331500,449.4666667,33.06503605,0.3,0.084025512
1981/10/1,Tippe,3331500,464.5806452,13.6603316,0.516129032,0.03832801
1981/11/1,Tippe,3331500,532.4666667,19.42257008,0.466666667,0.037748842
1981/12/1,Tippe,3331500,498.483871,16.31295146,0.451612903,0.046010483
1982/1/1,Tippe,3331500,978.3870968,46.8752937,0.290322581,0.143752061
1982/2/1,Tippe,3331500,1600.357143,59.94958974,0.392857143,0.105556795
1982/3/1,Tippe,3331500,4239.032258,55.10267419,0.451612903,0.099231413
1982/4/1,Tippe,3331500,2304.666667,19.79841047,0.533333333,0.057998264
1982/5/1,Tippe,3331500,1003.967742,27.32087033,0.516129032,0.070815795
1982/6/1,Tippe,3331500,1059.5,40.02039473,0.4,0.060783388
1982/7/1,Tippe,3331500,526.3225806,28.99271229,0.548387097,0.050563864
1982/8/1,Tippe,3331500,284.4516129,16.29779793,0.322580645,0.044227716
1982/9/1,Tippe,3331500,248.4666667,7.038524397,0.366666667,0.027099544
1982/10/1,Tippe,3331500,245.2580645,5.753688423,0.548387097,0.030251217
1982/11/1,Tippe,3331500,929.6666667,27.07026208,0.433333333,0.137683758
1982/12/1,Tippe,3331500,1757.741935,30.03606434,0.451612903,0.099834832
1983/1/1,Tippe,3331500,894.3548387,30.63618174,0.387096774,0.045121731
1983/2/1,Tippe,3331500,753.1428571,16.37262041,0.25,0.048842944
1983/3/1,Tippe,3331500,730.8064516,39.73340531,0.129032258,0.072610903
1983/4/1,Tippe,3331500,2318.333333,32.62662051,0.533333333,0.107117182
1983/5/1,Tippe,3331500,2059.483871,55.43492878,0.35483871,0.111318213
1983/6/1,Tippe,3331500,581.8666667,28.49053101,0.4,0.034142988
1983/7/1,Tippe,3331500,643.516129,83.93510873,0.258064516,0.200661687
1983/8/1,Tippe,3331500,225.3225806,15.31379853,0.387096774,0.028489621
1983/9/1,Tippe,3331500,186.2,11.87520356,0.366666667,0.027747941
1983/10/1,Tippe,3331500,244.1935484,27.37390243,0.419354839,0.04319683
1983/11/1,Tippe,3331500,333.7666667,22.25738639,0.366666667,0.034954559
1983/12/1,Tippe,3331500,793.6451613,35.5147857,0.35483871,0.087306426
1984/1/1,Tippe,3331500,449.3548387,12.58798968,0.483870968,0.023689878
1984/2/1,Tippe,3331500,1365.344828,69.14279796,0.379310345,0.136759692
1984/3/1,Tippe,3331500,1734.870968,58.99374829,0.483870968,0.084490805
1984/4/1,Tippe,3331500,1581.333333,16.39792675,0.4,0.049536256
1984/5/1,Tippe,3331500,1435.741935,67.32219001,0.225806452,0.105913544
1984/6/1,Tippe,3331500,1454.1,42.46048351,0.4,0.112050982
1984/7/1,Tippe,3331500,499.3225806,28.74510632,0.451612903,0.06395762
1984/8/1,Tippe,3331500,327.0645161,25.89397304,0.451612903,0.031659927
1984/9/1,Tippe,3331500,237.6666667,4.573710332,0.466666667,0.017251052
1984/10/1,Tippe,3331500,476.8064516,52.06665729,0.419354839,0.100872742
1984/11/1,Tippe,3331500,1030.033333,45.64905727,0.333333333,0.149962784
1984/12/1,Tippe,3331500,1071.290323,23.19166109,0.516129032,0.076904547
1985/1/1,Tippe,3331500,1612.580645,59.91394469,0.35483871,0.105821164
1985/2/1,Tippe,3331500,2011.428571,132.5251837,0.214285714,0.169921875
1985/3/1,Tippe,3331500,3300,40.58034766,0.451612903,0.069110459
1985/4/1,Tippe,3331500,2482.666667,40.30911151,0.5,0.071965628
1985/5/1,Tippe,3331500,657.6129032,23.79174626,0.387096774,0.049396645
1985/6/1,Tippe,3331500,482.9333333,20.67591807,0.466666667,0.069022639
1985/7/1,Tippe,3331500,255.6774194,17.02550142,0.451612903,0.057279839
1985/8/1,Tippe,3331500,290.2258065,29.2578945,0.290322581,0.078581749
1985/9/1,Tippe,3331500,235.3666667,13.00829708,0.366666667,0.044752868
1985/10/1,Tippe,3331500,488.7741935,63.33678691,0.419354839,0.100778775
1985/11/1,Tippe,3331500,1137.1,51.74011386,0.466666667,0.087034268
1985/12/1,Tippe,3331500,1491.612903,40.98428976,0.387096774,0.111807958
1986/1/1,Tippe,3331500,819.5806452,21.50512721,0.451612903,0.061006809
1986/2/1,Tippe,3331500,1210.821429,27.89122275,0.535714286,0.096156682
1986/3/1,Tippe,3331500,1481.290323,15.80505842,0.580645161,0.057055749
1986/4/1,Tippe,3331500,842.0333333,29.32344095,0.433333333,0.091920352
1986/5/1,Tippe,3331500,914.7096774,40.24006947,0.35483871,0.091409226
1986/6/1,Tippe,3331500,1592.366667,41.83779702,0.533333333,0.112390362
1986/7/1,Tippe,3331500,912.4516129,36.35218846,0.419354839,0.129816871
1986/8/1,Tippe,3331500,467.5483871,44.20896545,0.387096774,0.06837312
1986/9/1,Tippe,3331500,338.9333333,31.77193086,0.2,0.050354052
1986/10/1,Tippe,3331500,1624.903226,61.93575965,0.290322581,0.135948543
1986/11/1,Tippe,3331500,813.8333333,27.81031913,0.366666667,0.054228958
1986/12/1,Tippe,3331500,1017.806452,17.10592625,0.483870968,0.036035751
1987/1/1,Tippe,3331500,802.4193548,9.242340978,0.193548387,0.03441206
1987/2/1,Tippe,3331500,1044.214286,12.50941463,0.392857143,0.035125522
1987/3/1,Tippe,3331500,962.2580645,27.11939997,0.387096774,0.043781428
1987/4/1,Tippe,3331500,755,26.73035571,0.433333333,0.057306843
1987/5/1,Tippe,3331500,928.9032258,55.87798752,0.322580645,0.118835949
1987/6/1,Tippe,3331500,549.0333333,33.92167671,0.366666667,0.077712343
1987/7/1,Tippe,3331500,409.483871,24.85010824,0.516129032,0.087127777
1987/8/1,Tippe,3331500,398.1612903,42.81238172,0.322580645,0.117718545
1987/9/1,Tippe,3331500,324.2333333,16.63450934,0.333333333,0.042356328
1987/10/1,Tippe,3331500,321.1935484,12.68781371,0.290322581,0.024404941
1987/11/1,Tippe,3331500,398.9666667,43.39442941,0.166666667,0.06934581
1987/12/1,Tippe,3331500,1433.580645,38.91505572,0.516129032,0.096352467
1988/1/1,Tippe,3331500,927.7419355,47.64264826,0.35483871,0.163769124
1988/2/1,Tippe,3331500,1105.724138,33.37992554,0.517241379,0.1151999
1988/3/1,Tippe,3331500,937.3870968,38.75152184,0.225806452,0.068825493
1988/4/1,Tippe,3331500,1384.833333,38.60079921,0.5,0.079913347
1988/5/1,Tippe,3331500,455.6451613,14.80405468,0.451612903,0.033840708
1988/6/1,Tippe,3331500,243.3666667,18.16051821,0.4,0.031091631
1988/7/1,Tippe,3331500,179.6129032,10.98152049,0.516129032,0.038433908
1988/8/1,Tippe,3331500,154.7096774,8.189975153,0.387096774,0.040867389
1988/9/1,Tippe,3331500,173.4333333,15.83891757,0.4,0.059196617
1988/10/1,Tippe,3331500,283.516129,43.7176042,0.419354839,0.05393105
1988/11/1,Tippe,3331500,770.7666667,38.3776742,0.466666667,0.05963759
1988/12/1,Tippe,3331500,667.1612903,23.93960977,0.516129032,0.06798182
1989/1/1,Tippe,3331500,1044.451613,30.70358069,0.35483871,0.071591822
1989/2/1,Tippe,3331500,620.1428571,20.0139617,0.321428571,0.075155494
1989/3/1,Tippe,3331500,600.5483871,16.10456063,0.322580645,0.043025192
1989/4/1,Tippe,3331500,790.3333333,35.9588591,0.366666667,0.078447912
1989/5/1,Tippe,3331500,521.9354839,25.41981327,0.419354839,0.076205192
1989/6/1,Tippe,3331500,1098.166667,41.13310885,0.5,0.096281682
1989/7/1,Tippe,3331500,325.8064516,13.48969285,0.516129032,0.074059406
1989/8/1,Tippe,3331500,244.6774194,15.78257327,0.419354839,0.057218194
1989/9/1,Tippe,3331500,500.1666667,38.07378324,0.5,0.132689104
1989/10/1,Tippe,3331500,255.9354839,14.06746858,0.35483871,0.036173431
1989/11/1,Tippe,3331500,480.1,40.76216666,0.4,0.090050684
1989/12/1,Tippe,3331500,326.2580645,20.15913321,0.419354839,0.029562982
1990/1/1,Tippe,3331500,801.483871,26.28865022,0.548387097,0.080495854
1990/2/1,Tippe,3331500,1890.5,77.98545862,0.214285714,0.131408924
1990/3/1,Tippe,3331500,2402.258065,38.11447419,0.483870968,0.092789043
1990/4/1,Tippe,3331500,1394,14.83679556,0.533333333,0.06001913
1990/5/1,Tippe,3331500,1421.612903,49.79016493,0.35483871,0.109938734
1990/6/1,Tippe,3331500,774.5,22.78006866,0.533333333,0.078760491
1990/7/1,Tippe,3331500,1003.16129,59.25864224,0.35483871,0.151167278
1990/8/1,Tippe,3331500,2698.612903,82.74777508,0.387096774,0.155085647
1990/9/1,Tippe,3331500,1186.9,31.87830214,0.333333333,0.050916955
1990/10/1,Tippe,3331500,2112.322581,62.34995979,0.419354839,0.115711188
1990/11/1,Tippe,3331500,1510.666667,33.54234964,0.366666667,0.09223301
1990/12/1,Tippe,3331500,1808.387097,61.27264577,0.161290323,0.130396004
1991/1/1,Tippe,3331500,2564.193548,61.08622322,0.35483871,0.115234621
1991/2/1,Tippe,3331500,1346.964286,20.13686132,0.464285714,0.080074241
1991/3/1,Tippe,3331500,1633.870968,24.85965305,0.483870968,0.073642646
1991/4/1,Tippe,3331500,1958,31.59882471,0.466666667,0.064521621
1991/5/1,Tippe,3331500,1350.83871,16.65359965,0.419354839,0.056309103
1991/6/1,Tippe,3331500,989.3,54.60472744,0.333333333,0.079854443
1991/7/1,Tippe,3331500,393.0322581,41.02159368,0.451612903,0.133946159
1991/8/1,Tippe,3331500,237.3870968,10.62675427,0.387096774,0.042261177
1991/9/1,Tippe,3331500,203.8333333,6.330192559,0.433333333,0.026492232
1991/10/1,Tippe,3331500,423.2580645,80.90051821,0.193548387,0.140538069
1991/11/1,Tippe,3331500,836.1666667,49.24945723,0.433333333,0.123938609
1991/12/1,Tippe,3331500,861.7096774,18.96303198,0.419354839,0.064013776
1992/1/1,Tippe,3331500,711.1290323,22.16986168,0.290322581,0.06727149
1992/2/1,Tippe,3331500,841.5517241,25.78821428,0.482758621,0.049498054
1992/3/1,Tippe,3331500,1115.354839,19.47422803,0.612903226,0.040316983
1992/4/1,Tippe,3331500,1216.133333,19.60542822,0.533333333,0.050542704
1992/5/1,Tippe,3331500,635.6774194,27.07089738,0.35483871,0.034659495
1992/6/1,Tippe,3331500,488,18.08834714,0.433333333,0.046106557
1992/7/1,Tippe,3331500,688.0322581,55.24824148,0.387096774,0.107646866
1992/8/1,Tippe,3331500,350.3548387,24.7295665,0.387096774,0.046772857
1992/9/1,Tippe,3331500,498.2,35.06267632,0.533333333,0.107587314
1992/10/1,Tippe,3331500,419.5806452,13.59596751,0.419354839,0.036518798
1992/11/1,Tippe,3331500,1696.666667,35.96424936,0.5,0.114007859
1992/12/1,Tippe,3331500,1056.483871,21.01308279,0.419354839,0.081402095
1993/1/1,Tippe,3331500,3462.258065,36.9364336,0.387096774,0.124382745
1993/2/1,Tippe,3331500,1257.857143,27.88296685,0.5,0.049971607
1993/3/1,Tippe,3331500,1694.709677,24.84668087,0.483870968,0.068867063
1993/4/1,Tippe,3331500,1843.666667,19.35854557,0.4,0.071054059
1993/5/1,Tippe,3331500,1148.032258,36.5694196,0.451612903,0.058669814
1993/6/1,Tippe,3331500,1545.666667,29.87760397,0.3,0.096829847
1993/7/1,Tippe,3331500,970.3870968,32.95889651,0.516129032,0.097333954
1993/8/1,Tippe,3331500,372.8709677,9.509631176,0.419354839,0.039709317
1993/9/1,Tippe,3331500,752.0333333,25.11519169,0.533333333,0.133371748
1993/10/1,Tippe,3331500,1262.322581,62.0050704,0.322580645,0.143309823
1993/11/1,Tippe,3331500,1017.333333,25.06328209,0.5,0.068053735
1993/12/1,Tippe,3331500,1019.645161,27.33078816,0.419354839,0.049163213
1994/1/1,Tippe,3331500,832.5483871,94.64940662,0.193548387,0.121972955
1994/2/1,Tippe,3331500,1570,26.41186684,0.392857143,0.07711556
1994/3/1,Tippe,3331500,1199.935484,20.10673867,0.387096774,0.048524114
1994/4/1,Tippe,3331500,2252.566667,62.69841882,0.333333333,0.132456309
1994/5/1,Tippe,3331500,1126.709677,50.95921577,0.387096774,0.062929455
1994/6/1,Tippe,3331500,824.1333333,53.50086429,0.366666667,0.135536321
1994/7/1,Tippe,3331500,809.2903226,49.75841706,0.451612903,0.090082908
1994/8/1,Tippe,3331500,329.6451613,11.4059751,0.516129032,0.031216362
1994/9/1,Tippe,3331500,240.8333333,8.373712283,0.533333333,0.031557093
1994/10/1,Tippe,3331500,215.7096774,3.167333495,0.548387097,0.014057126
1994/11/1,Tippe,3331500,496.3333333,25.28408167,0.5,0.082874412
1994/12/1,Tippe,3331500,752,29.69571014,0.451612903,0.074639671
1995/1/1,Tippe,3331500,974.1935484,47.31999275,0.451612903,0.113476821
1995/2/1,Tippe,3331500,658.3214286,14.98504973,0.321428571,0.034340585
1995/3/1,Tippe,3331500,1309.419355,46.58761136,0.387096774,0.099305282
1995/4/1,Tippe,3331500,1818,47.80634391,0.5,0.082013201
1995/5/1,Tippe,3331500,1461.225806,55.65505843,0.258064516,0.09603073
1995/6/1,Tippe,3331500,1413.966667,47.4509663,0.533333333,0.122256536
1995/7/1,Tippe,3331500,968.3548387,72.75199207,0.290322581,0.101302508
1995/8/1,Tippe,3331500,472.9677419,47.27393681,0.290322581,0.103123721
1995/9/1,Tippe,3331500,209.8,7.124309923,0.466666667,0.016047029
1995/10/1,Tippe,3331500,226.9032258,11.71530005,0.451612903,0.02857549
1995/11/1,Tippe,3331500,599.5,27.85469577,0.566666667,0.078009452
1995/12/1,Tippe,3331500,326.8387097,5.138630172,0.451612903,0.009968417
1996/1/1,Tippe,3331500,618.5483871,65.99732911,0.451612903,0.125319426
1996/2/1,Tippe,3331500,533.8965517,16.66984677,0.517241379,0.034424853
1996/3/1,Tippe,3331500,496.6774194,7.746215409,0.419354839,0.027797623
1996/4/1,Tippe,3331500,804.8,71.98106965,0.333333333,0.097166998
1996/5/1,Tippe,3331500,1791.870968,33.10353862,0.516129032,0.079966875
1996/6/1,Tippe,3331500,1730.466667,24.37721303,0.5,0.08140386
1996/7/1,Tippe,3331500,1943.032258,94.77949605,0.419354839,0.163313079
1996/8/1,Tippe,3331500,902.1290323,42.30894301,0.290322581,0.080955446
1996/9/1,Tippe,3331500,393.4666667,15.30370523,0.466666667,0.051253812
1996/10/1,Tippe,3331500,422.8709677,25.44858201,0.483870968,0.040277672
1996/11/1,Tippe,3331500,1063.6,36.34311838,0.433333333,0.081076846
1996/12/1,Tippe,3331500,1614.516129,15.72693358,0.548387097,0.081118881
1997/1/1,Tippe,3331500,1628.387097,44.46052153,0.290322581,0.093502377
1997/2/1,Tippe,3331500,2222.285714,65.44871811,0.285714286,0.126317819
1997/3/1,Tippe,3331500,2534.516129,33.81016585,0.322580645,0.067964872
1997/4/1,Tippe,3331500,1394.5,26.1989128,0.5,0.03714593
1997/5/1,Tippe,3331500,1408.322581,46.2586942,0.387096774,0.063264465
1997/6/1,Tippe,3331500,1971,21.43703831,0.6,0.044647387
1997/7/1,Tippe,3331500,1351.290323,51.5008294,0.387096774,0.112867033
1997/8/1,Tippe,3331500,934.9677419,27.49088748,0.419354839,0.089463152
1997/9/1,Tippe,3331500,785.1333333,39.55685794,0.366666667,0.125116753
1997/10/1,Tippe,3331500,514.7096774,8.6020915,0.35483871,0.020869892
1997/11/1,Tippe,3331500,701.1666667,26.16443493,0.266666667,0.058283813
1997/12/1,Tippe,3331500,895.7741935,19.71483854,0.419354839,0.052900717
1998/1/1,Tippe,3331500,2689.580645,54.48015578,0.387096774,0.11795819
1998/2/1,Tippe,3331500,1285.357143,10.82270861,0.464285714,0.038066129
1998/3/1,Tippe,3331500,1986.580645,35.01721448,0.580645161,0.081060016
1998/4/1,Tippe,3331500,2669.333333,31.16750414,0.433333333,0.086163836
1998/5/1,Tippe,3331500,1613.806452,41.0165457,0.451612903,0.069101303
1998/6/1,Tippe,3331500,1238.333333,45.37932038,0.466666667,0.102207268
1998/7/1,Tippe,3331500,1825.774194,49.40417073,0.419354839,0.192264881
1998/8/1,Tippe,3331500,1254.677419,47.96284133,0.387096774,0.084535287
1998/9/1,Tippe,3331500,398.3666667,18.97677733,0.4,0.021504477
1998/10/1,Tippe,3331500,387.3548387,23.31798057,0.258064516,0.057211859
1998/11/1,Tippe,3331500,483.7333333,20.14463958,0.3,0.060708379
1998/12/1,Tippe,3331500,480.2258065,17.52245994,0.290322581,0.062269094
1999/1/1,Tippe,3331500,1256.677419,106.9676661,0.322580645,0.150755962
1999/2/1,Tippe,3331500,1504.928571,23.11115305,0.535714286,0.053823152
1999/3/1,Tippe,3331500,1764.83871,25.35323101,0.516129032,0.04989947
1999/4/1,Tippe,3331500,2306.7,46.97737684,0.4,0.128292944
1999/5/1,Tippe,3331500,1455.967742,41.92914047,0.35483871,0.053173812
1999/6/1,Tippe,3331500,719.5,33.59564473,0.4,0.085290711
1999/7/1,Tippe,3331500,330.4516129,37.43080533,0.35483871,0.049199531
1999/8/1,Tippe,3331500,230.1935484,11.4274085,0.419354839,0.040358744
1999/9/1,Tippe,3331500,163.4666667,12.56967347,0.333333333,0.031402936
1999/10/1,Tippe,3331500,219.2258065,8.708145949,0.35483871,0.02516186
1999/11/1,Tippe,3331500,251.8333333,18.02123917,0.333333333,0.048047651
1999/12/1,Tippe,3331500,346.7741935,20.55153944,0.451612903,0.062418605
2000/1/1,Tippe,3331500,335.6774194,6.476900356,0.451612903,0.025177782
2000/2/1,Tippe,3331500,431.4827586,55.74175343,0.24137931,0.078078798
2000/3/1,Tippe,3331500,578.7096774,20.69370498,0.419354839,0.051059086
2000/4/1,Tippe,3331500,640.8,55.94959206,0.333333333,0.096545984
2000/5/1,Tippe,3331500,805.1290323,26.53003197,0.387096774,0.105412877
2000/6/1,Tippe,3331500,1265.866667,17.90167036,0.566666667,0.100431852
2000/7/1,Tippe,3331500,724.5806452,49.70624002,0.451612903,0.074882023
2000/8/1,Tippe,3331500,372.6129032,16.86535518,0.483870968,0.065795169
2000/9/1,Tippe,3331500,416.2333333,26.73453736,0.333333333,0.077440538
2000/10/1,Tippe,3331500,389.6451613,18.58386152,0.258064516,0.044705688
2000/11/1,Tippe,3331500,533.8666667,22.64134797,0.533333333,0.054320679
2000/12/1,Tippe,3331500,617.8709677,10.192256,0.451612903,0.016967735
2001/1/1,Tippe,3331500,677.4193548,15.24587599,0.64516129,0.045714286
2001/2/1,Tippe,3331500,2085,36.04787995,0.5,0.103460089
2001/3/1,Tippe,3331500,1253.483871,43.38709819,0.322580645,0.053451027
2001/4/1,Tippe,3331500,1315.5,27.65928159,0.633333333,0.067198784
2001/5/1,Tippe,3331500,721.9354839,17.78201765,0.451612903,0.064924039
2001/6/1,Tippe,3331500,853.0666667,31.85368002,0.4,0.086003439
2001/7/1,Tippe,3331500,852.2258065,80.0160904,0.225806452,0.221469397
2001/8/1,Tippe,3331500,473.3870968,49.58689533,0.290322581,0.099080068
2001/9/1,Tippe,3331500,405.7333333,20.99451018,0.4,0.056687479
2001/10/1,Tippe,3331500,1804.645161,67.76602495,0.548387097,0.096435721
2001/11/1,Tippe,3331500,1176.7,37.41195228,0.4,0.046457607
2001/12/1,Tippe,3331500,1341.354839,27.9613111,0.419354839,0.077966428
2002/1/1,Tippe,3331500,699.2903226,14.78991308,0.451612903,0.035519882
2002/2/1,Tippe,3331500,1617.5,36.3948893,0.321428571,0.088982115
2002/3/1,Tippe,3331500,1550.322581,27.9907474,0.451612903,0.0917603
2002/4/1,Tippe,3331500,2183,17.27544463,0.533333333,0.057107955
2002/5/1,Tippe,3331500,2174.83871,37.02320961,0.322580645,0.093889054
2002/6/1,Tippe,3331500,847.8,30.43279965,0.466666667,0.048321145
2002/7/1,Tippe,3331500,335.1290323,20.49079011,0.419354839,0.046010203
2002/8/1,Tippe,3331500,270.9032258,18.95918563,0.387096774,0.053107883
2002/9/1,Tippe,3331500,182.2,8.970441129,0.4,0.028723015
2002/10/1,Tippe,3331500,170.2903226,6.411677418,0.580645161,0.024057587
2002/11/1,Tippe,3331500,261.1,14.79555405,0.666666667,0.031150262
2002/12/1,Tippe,3331500,274.4516129,10.59573426,0.419354839,0.031147156
2003/1/1,Tippe,3331500,284.8709677,9.843102097,0.483870968,0.014041445
2003/2/1,Tippe,3331500,328.3214286,17.59449162,0.321428571,0.066246057
2003/3/1,Tippe,3331500,476.516129,32.56807101,0.548387097,0.076022204
2003/4/1,Tippe,3331500,529.5,35.91106316,0.366666667,0.070506767
2003/5/1,Tippe,3331500,1222.774194,47.36585926,0.387096774,0.102490371
2003/6/1,Tippe,3331500,425.4666667,29.03194498,0.5,0.07474146
2003/7/1,Tippe,3331500,1178.483871,63.8581867,0.35483871,0.190238962
2003/8/1,Tippe,3331500,380.8387097,34.89817392,0.419354839,0.041673725
2003/9/1,Tippe,3331500,560.2333333,29.50736451,0.466666667,0.079669185
2003/10/1,Tippe,3331500,431.7096774,12.80197068,0.548387097,0.042516626
2003/11/1,Tippe,3331500,756.2333333,50.60732475,0.4,0.107462423
2003/12/1,Tippe,3331500,1005.096774,33.02924121,0.322580645,0.087168624
2004/1/1,Tippe,3331500,991.6774194,44.64204175,0.483870968,0.052371349
2004/2/1,Tippe,3331500,633.0344828,50.03880999,0.310344828,0.05637869
2004/3/1,Tippe,3331500,1323.129032,30.20169937,0.387096774,0.077089987
2004/4/1,Tippe,3331500,614.3333333,29.30022057,0.366666667,0.037927292
2004/5/1,Tippe,3331500,624.9677419,28.23999904,0.35483871,0.087591618
2004/6/1,Tippe,3331500,1704,42.02046379,0.5,0.122535211
2004/7/1,Tippe,3331500,450.8387097,21.77518702,0.483870968,0.063823698
2004/8/1,Tippe,3331500,762.9032258,83.17781348,0.35483871,0.193446089
2004/9/1,Tippe,3331500,770.5333333,79.32392137,0.3,0.102526389
2004/10/1,Tippe,3331500,323.9032258,7.417915219,0.451612903,0.019519968
2004/11/1,Tippe,3331500,839.1333333,61.06057318,0.3,0.123579884
2004/12/1,Tippe,3331500,1548.83871,43.93023026,0.483870968,0.08418378
2005/1/1,Tippe,3331500,2771.193548,55.98233276,0.290322581,0.154155075
2005/2/1,Tippe,3331500,2231.428571,42.95943027,0.392857143,0.104033291
2005/3/1,Tippe,3331500,1397.419355,17.69919668,0.419354839,0.04478301
2005/4/1,Tippe,3331500,772.8666667,22.45894694,0.4,0.034201673
2005/5/1,Tippe,3331500,524.3225806,13.59118871,0.548387097,0.033837825
2005/6/1,Tippe,3331500,361.4666667,15.72018218,0.566666667,0.060955367
2005/7/1,Tippe,3331500,273.4193548,17.90968449,0.419354839,0.069372345
2005/8/1,Tippe,3331500,216.0322581,16.22528566,0.35483871,0.048529192
2005/9/1,Tippe,3331500,185.1666667,20.0636615,0.3,0.03330333
2005/10/1,Tippe,3331500,206.1612903,9.505219203,0.290322581,0.016742294
2005/11/1,Tippe,3331500,274.8333333,15.50680007,0.4,0.046573681
2005/12/1,Tippe,3331500,350.6451613,24.64394132,0.225806452,0.040202392
2006/1/1,Tippe,3331500,582.0645161,30.2299064,0.419354839,0.078253159
2006/2/1,Tippe,3331500,723.2857143,19.61158888,0.464285714,0.066166305
2006/3/1,Tippe,3331500,932.3548387,46.31464401,0.419354839,0.091409196
2006/4/1,Tippe,3331500,746.4333333,31.45575897,0.4,0.107042379
2006/5/1,Tippe,3331500,1326.322581,43.45314857,0.516129032,0.106187372
2006/6/1,Tippe,3331500,573.5333333,28.54557246,0.466666667,0.06212949
2006/7/1,Tippe,3331500,405.0645161,19.94411265,0.483870968,0.065700406
2006/8/1,Tippe,3331500,420.483871,51.82036718,0.322580645,0.121442271
2006/9/1,Tippe,3331500,427.0666667,37.9288977,0.233333333,0.081095848
2006/10/1,Tippe,3331500,696,37.90951294,0.451612903,0.100250278
2006/11/1,Tippe,3331500,1003.066667,43.99418923,0.333333333,0.098099163
2006/12/1,Tippe,3331500,1595.806452,22.33214652,0.322580645,0.09015565
2007/1/1,Tippe,3331500,2113.225806,31.56336539,0.35483871,0.087009617
2007/2/1,Tippe,3331500,997,18.49453234,0.392857143,0.041624875
2007/3/1,Tippe,3331500,1904.83871,19.22926633,0.387096774,0.084674005
2007/4/1,Tippe,3331500,1617,25.77941581,0.466666667,0.088023088
2007/5/1,Tippe,3331500,931.0967742,45.40847297,0.35483871,0.057822894
2007/6/1,Tippe,3331500,411.6333333,24.27607504,0.366666667,0.041460847
2007/7/1,Tippe,3331500,279.1290323,13.58317679,0.516129032,0.0610193
2007/8/1,Tippe,3331500,637.1935484,83.24164173,0.35483871,0.132486205
2007/9/1,Tippe,3331500,393.1,38.50816887,0.433333333,0.051979988
2007/10/1,Tippe,3331500,288.3548387,17.68258604,0.419354839,0.029980982
2007/11/1,Tippe,3331500,549.2666667,51.97332243,0.3,0.087389246
2007/12/1,Tippe,3331500,1652.709677,40.24619588,0.580645161,0.089862201
2008/1/1,Tippe,3331500,3229.354839,71.86997452,0.322580645,0.153930676
2008/2/1,Tippe,3331500,3681.034483,58.65230542,0.344827586,0.158688525
2008/3/1,Tippe,3331500,2159.677419,20.59928653,0.387096774,0.09021658
2008/4/1,Tippe,3331500,1866.666667,23.04723907,0.5,0.054642857
2008/5/1,Tippe,3331500,1063,21.95279744,0.35483871,0.073013079
2008/6/1,Tippe,3331500,1482.233333,26.20779565,0.4,0.098814851
2008/7/1,Tippe,3331500,587.6451613,41.33882047,0.451612903,0.058022726
2008/8/1,Tippe,3331500,314.9677419,29.17014333,0.387096774,0.073125768
2008/9/1,Tippe,3331500,390.6333333,66.12159783,0.3,0.156839321
2008/10/1,Tippe,3331500,286.3225806,12.18145355,0.387096774,0.035714286
2008/11/1,Tippe,3331500,364.9333333,10.40811861,0.566666667,0.024479357
2008/12/1,Tippe,3331500,791.5483871,111.0970445,0.225806452,0.125112071
2009/1/1,Tippe,3331500,956.7096774,55.75767846,0.258064516,0.080551622
2009/2/1,Tippe,3331500,1414.821429,53.02094497,0.428571429,0.135024612
2009/3/1,Tippe,3331500,3596.129032,65.54416618,0.322580645,0.147829207
2009/4/1,Tippe,3331500,2243.666667,21.19394019,0.433333333,0.046352696
2009/5/1,Tippe,3331500,1880.258065,43.49880362,0.35483871,0.110691738
2009/6/1,Tippe,3331500,1173.3,26.04907395,0.533333333,0.072019091
2009/7/1,Tippe,3331500,413.4193548,14.1162001,0.451612903,0.039169788
2009/8/1,Tippe,3331500,641.3870968,71.85595084,0.419354839,0.099079616
2009/9/1,Tippe,3331500,394.3666667,40.55495403,0.333333333,0.054517792
2009/10/1,Tippe,3331500,482.0645161,43.01923713,0.290322581,0.080835118
2009/11/1,Tippe,3331500,736.6333333,24.47814646,0.366666667,0.032490158
2009/12/1,Tippe,3331500,911.1290323,25.97016834,0.387096774,0.086705612
2010/1/1,Tippe,3331500,985.4516129,26.74053816,0.290322581,0.060362041
2010/2/1,Tippe,3331500,765.2857143,21.98798579,0.428571429,0.053014747
2010/3/1,Tippe,3331500,1247.677419,29.96774789,0.419354839,0.0777186
2010/4/1,Tippe,3331500,873.6,22.53487472,0.533333333,0.050900488
2010/5/1,Tippe,3331500,1489.774194,35.72869748,0.290322581,0.095359764
2010/6/1,Tippe,3331500,1151.6,26.94782449,0.533333333,0.080988769
2010/7/1,Tippe,3331500,677.2258065,29.44005409,0.35483871,0.069210251
2010/8/1,Tippe,3331500,433.6129032,28.21878866,0.419354839,0.043222735
2010/9/1,Tippe,3331500,317.7666667,11.67603432,0.2,0.036399874
2010/10/1,Tippe,3331500,289.7096774,5.593646641,0.35483871,0.012136733
2010/11/1,Tippe,3331500,417.9666667,30.66068462,0.333333333,0.077518143
2010/12/1,Tippe,3331500,364.7741935,20.49130698,0.258064516,0.02175451
2011/1/1,Tippe,3331500,276.3870968,5.738011877,0.516129032,0.007469655
2011/2/1,Tippe,3331500,647.6785714,80.88861294,0.392857143,0.106479184
2011/3/1,Tippe,3331500,1684.806452,27.87748252,0.419354839,0.072277853
2011/4/1,Tippe,3331500,1790.566667,66.2800218,0.333333333,0.101457639
2011/5/1,Tippe,3331500,2615.483871,33.05843483,0.35483871,0.090774544
2011/6/1,Tippe,3331500,1848.466667,39.02371988,0.4,0.077217153
2011/7/1,Tippe,3331500,680,51.87056077,0.322580645,0.13126186
2011/8/1,Tippe,3331500,330.3225806,24.85439842,0.483870968,0.039160156
2011/9/1,Tippe,3331500,298.2,67.1460739,0.166666667,0.078917952
2011/10/1,Tippe,3331500,704.2580645,57.11858862,0.419354839,0.112953463
2011/11/1,Tippe,3331500,827.3,43.25338673,0.333333333,0.104677868
2011/12/1,Tippe,3331500,2838.064516,26.54013087,0.483870968,0.091270743
2012/1/1,Tippe,3331500,1910,36.00683599,0.483870968,0.078196251
2012/2/1,Tippe,3331500,1541.034483,24.50295847,0.379310345,0.043410159
2012/3/1,Tippe,3331500,1106.451613,18.71610619,0.451612903,0.022653061
2012/4/1,Tippe,3331500,547.6333333,18.96029898,0.4,0.02678191
2012/5/1,Tippe,3331500,363.7741935,24.11153403,0.516129032,0.043983329
2012/6/1,Tippe,3331500,180.1333333,24.86305304,0.4,0.038119911
2012/7/1,Tippe,3331500,140.9032258,19.36546977,0.548387097,0.057921245
2012/8/1,Tippe,3331500,184.1935484,14.24681913,0.612903226,0.061646235
2012/9/1,Tippe,3331500,175.7,6.617422913,0.366666667,0.016884842
2012/10/1,Tippe,3331500,208.5806452,20.11164369,0.451612903,0.037117229
2012/11/1,Tippe,3331500,238.7666667,11.70870001,0.466666667,0.027362837
2012/12/1,Tippe,3331500,260.4193548,24.00487662,0.35483871,0.044716958
2013/1/1,Tippe,3331500,519.8709677,61.62722226,0.290322581,0.172313229
2013/2/1,Tippe,3331500,721.3571429,44.47193112,0.321428571,0.088969205
2013/3/1,Tippe,3331500,897.8709677,30.24637371,0.387096774,0.080980096
2013/4/1,Tippe,3331500,2092.166667,79.22161626,0.4,0.152107066
2013/5/1,Tippe,3331500,1185.225806,63.18051668,0.35483871,0.087610908
2013/6/1,Tippe,3331500,2891.666667,37.87913588,0.4,0.150201729
2013/7/1,Tippe,3331500,1072.870968,59.51293707,0.419354839,0.063140804
2013/8/1,Tippe,3331500,640.2903226,52.4331849,0.419354839,0.106504106
2013/9/1,Tippe,3331500,244.5,8.918594064,0.466666667,0.033810498
2013/10/1,Tippe,3331500,265.1612903,16.89102633,0.290322581,0.042092457
2013/11/1,Tippe,3331500,431.9,9.907960736,0.366666667,0.034653083
2013/12/1,Tippe,3331500,685.3870968,71.76408042,0.322580645,0.11766367
2014/1/1,Tippe,3331500,958.2580645,55.89071217,0.290322581,0.112906484
2014/2/1,Tippe,3331500,1421.892857,100.909832,0.285714286,0.179865873
2014/3/1,Tippe,3331500,2011.290323,29.28878879,0.451612903,0.076343224
2014/4/1,Tippe,3331500,1764.1,37.935564,0.433333333,0.069723939
2014/5/1,Tippe,3331500,1215.322581,43.85797791,0.419354839,0.087936297
2014/6/1,Tippe,3331500,765.2666667,14.99207422,0.466666667,0.065336702
2014/7/1,Tippe,3331500,410.6129032,31.55557474,0.451612903,0.03896614
2014/8/1,Tippe,3331500,309.5806452,31.17042098,0.35483871,0.099927061
2014/9/1,Tippe,3331500,505.2,34.84952994,0.433333333,0.134204276
2014/10/1,Tippe,3331500,742.483871,30.1037353,0.419354839,0.113264109
2014/11/1,Tippe,3331500,865.0333333,66.61871485,0.233333333,0.123386382
2014/12/1,Tippe,3331500,907.516129,18.74756479,0.387096774,0.057583621
2015/1/1,Tippe,3331500,818.5483871,21.55541004,0.322580645,0.073891626
2015/2/1,Tippe,3331500,611.25,25.13872067,0.535714286,0.052760736
2015/3/1,Tippe,3331500,1164.258065,53.61419617,0.419354839,0.108195722
2015/4/1,Tippe,3331500,858.0666667,10.56907029,0.5,0.051278067
2015/5/1,Tippe,3331500,704.0322581,19.78456818,0.451612903,0.052279496
2015/6/1,Tippe,3331500,2397.433333,53.02232312,0.433333333,0.14073384
2015/7/1,Tippe,3331500,2250.967742,22.36625037,0.483870968,0.089710519
2015/8/1,Tippe,3331500,674.9354839,33.56779302,0.35483871,0.037375137
2015/9/1,Tippe,3331500,427,18.92878434,0.266666667,0.053083528
2015/10/1,Tippe,3331500,332.0322581,8.030149851,0.35483871,0.018070533
2015/11/1,Tippe,3331500,418.0666667,13.46344448,0.4,0.042736406
2015/12/1,Tippe,3331500,754.3225806,82.5894572,0.258064516,0.112256244
2016/1/1,Tippe,3331500,1204,35.93156113,0.419354839,0.087905905
2016/2/1,Tippe,3331500,699.6551724,16.56512411,0.379310345,0.051059635
2016/3/1,Tippe,3331500,1271.548387,16.54342128,0.419354839,0.073316759
2016/4/1,Tippe,3331500,1456.233333,27.23724393,0.5,0.065305468
2016/5/1,Tippe,3331500,1061.225806,25.79438776,0.516129032,0.061614688
2016/6/1,Tippe,3331500,594.6333333,36.79829176,0.266666667,0.090251696
2016/7/1,Tippe,3331500,470.483871,34.56985683,0.35483871,0.080219403
2016/8/1,Tippe,3331500,339.9032258,32.69294104,0.483870968,0.074119768
2016/9/1,Tippe,3331500,523,44.33018315,0.266666667,0.134161887
2016/10/1,Tippe,3331500,485.9354839,11.72982409,0.483870968,0.049654806
2016/11/1,Tippe,3331500,631.6333333,19.62787746,0.433333333,0.063802839
2016/12/1,Tippe,3331500,836.9677419,33.39298578,0.258064516,0.08625607
2017/1/1,Tippe,3331500,1646.806452,34.44624503,0.483870968,0.102877515
2017/2/1,Tippe,3331500,1232.535714,21.63019835,0.428571429,0.06328417
2017/3/1,Tippe,3331500,1169.387097,28.23196428,0.419354839,0.077459932
2017/4/1,Tippe,3331500,1669.9,32.66087511,0.5,0.071042178
2017/5/1,Tippe,3331500,1715.935484,33.24373891,0.387096774,0.087641463
2017/6/1,Tippe,3331500,1132.433333,39.80583624,0.333333333,0.061902099
2017/7/1,Tippe,3331500,1861.935484,35.33616635,0.483870968,0.111157311
2017/8/1,Tippe,3331500,616.6129032,31.37683757,0.387096774,0.047449647
2017/9/1,Tippe,3331500,386.2,14.43079924,0.4,0.047384775
2017/10/1,Tippe,3331500,409.6774194,18.37826582,0.483870968,0.051889764
2017/11/1,Tippe,3331500,1301.8,39.47377939,0.466666667,0.114789778
2017/12/1,Tippe,3331500,734.7741935,18.69913741,0.35483871,0.023224164
2018/1/1,Tippe,3331500,999.5483871,28.31058085,0.483870968,0.070031627
2018/2/1,Tippe,3331500,2328.892857,108.8792245,0.321428571,0.176570719
2018/3/1,Tippe,3331500,2078.387097,45.67543615,0.387096774,0.050131926
2018/4/1,Tippe,3331500,1577.666667,16.92108954,0.466666667,0.060426791
2018/5/1,Tippe,3331500,1123,25.58569363,0.483870968,0.076092264
2018/6/1,Tippe,3331500,802.1,25.10772097,0.366666667,0.092922744
2018/7/1,Tippe,3331500,398.1612903,25.95687913,0.483870968,0.069918172
2018/8/1,Tippe,3331500,540.8387097,47.41202431,0.35483871,0.087737087
2018/9/1,Tippe,3331500,495.9,35.91660735,0.4,0.044363783
2018/10/1,Tippe,3331500,565.5483871,36.83732208,0.35483871,0.088980151
2018/11/1,Tippe,3331500,1109.9,26.40205996,0.4,0.090849025
2018/12/1,Tippe,3331500,1179.225806,30.11094389,0.35483871,0.048637707
2019/1/1,Tippe,3331500,1156.16129,25.92318882,0.387096774,0.085990904
2019/2/1,Tippe,3331500,1663.571429,22.62414152,0.464285714,0.06032632
2019/3/1,Tippe,3331500,1324.677419,18.74726698,0.451612903,0.068574212
2019/4/1,Tippe,3331500,1677.666667,15.85926665,0.466666667,0.061792172
2019/5/1,Tippe,3331500,2159.677419,36.03518161,0.387096774,0.072292756
2019/6/1,Tippe,3331500,1514.666667,20.15890469,0.366666667,0.080105634
2019/7/1,Tippe,3331500,821.4193548,30.44904436,0.419354839,0.044337103
2019/8/1,Tippe,3331500,476.1935484,13.24617337,0.516129032,0.035835253
2019/9/1,Tippe,3331500,408.6333333,46.38196745,0.133333333,0.101476466
